/*******************************************************************************
 * Size: 24 px
 * Bpp: 8
 * Opts: --bpp 8 --size 24 --no-compress --font ..\..\Downloads\AlteDIN1451\din1451alt.ttf --range 32-127 --format lvgl
 ******************************************************************************/

#ifdef __has_include
    #if __has_include("lvgl.h")
        #ifndef LV_LVGL_H_INCLUDE_SIMPLE
            #define LV_LVGL_H_INCLUDE_SIMPLE
        #endif
    #endif
#endif

#ifdef LV_LVGL_H_INCLUDE_SIMPLE
    #include "lvgl.h"
#else
    #include "../../lvgl/lvgl.h"
#endif

#ifndef UI_FONT_DIM1415_24
#define UI_FONT_DIM1415_24 1
#endif

#if UI_FONT_DIM1415_24

/*-----------------
 *    BITMAPS
 *----------------*/

/*Store the image of the glyphs*/
static LV_ATTRIBUTE_LARGE_CONST const uint8_t glyph_bitmap[] = {
    /* U+0020 " " */

    /* U+0021 "!" */
    0x63, 0xff, 0xff, 0x9d, 0x50, 0xff, 0xff, 0x8a,
    0x3d, 0xff, 0xff, 0x77, 0x2a, 0xff, 0xff, 0x64,
    0x17, 0xff, 0xff, 0x51, 0x5, 0xff, 0xff, 0x3e,
    0x0, 0xf2, 0xff, 0x2b, 0x0, 0xdf, 0xff, 0x18,
    0x0, 0xcc, 0xff, 0x5, 0x0, 0xb9, 0xf1, 0x0,
    0x0, 0xa7, 0xde, 0x0, 0x0, 0x94, 0xcb, 0x0,
    0x0, 0x49, 0x67, 0x0, 0x0, 0x0, 0x0, 0x0,
    0xa, 0x64, 0x64, 0x22, 0x1c, 0xff, 0xff, 0x58,
    0x1c, 0xff, 0xff, 0x58,

    /* U+0022 "\"" */
    0xf8, 0xd8, 0x0, 0xd4, 0xfc, 0xf8, 0xd8, 0x0,
    0xd4, 0xfc, 0xf8, 0xd8, 0x0, 0xd4, 0xfc, 0xf8,
    0xd8, 0x0, 0xd4, 0xfc, 0x22, 0x1e, 0x0, 0x1d,
    0x23,

    /* U+0023 "#" */
    0x0, 0x0, 0x0, 0x2b, 0xff, 0xb4, 0x0, 0x0,
    0xef, 0xec, 0x0, 0x0, 0x0, 0x0, 0x0, 0x51,
    0xff, 0x8f, 0x0, 0x16, 0xff, 0xc7, 0x0, 0x0,
    0x0, 0x0, 0x0, 0x76, 0xff, 0x69, 0x0, 0x3c,
    0xff, 0xa1, 0x0, 0x0, 0x0, 0x0, 0x0, 0x9c,
    0xff, 0x44, 0x0, 0x63, 0xff, 0x7c, 0x0, 0x0,
    0x0, 0x0, 0x0, 0xc1, 0xff, 0x1e, 0x0, 0x89,
    0xff, 0x56, 0x0, 0x0, 0x38, 0xff, 0xff, 0xff,
    0xff, 0xff, 0xff, 0xff, 0xff, 0xff, 0xff, 0x78,
    0x1e, 0x8c, 0x8f, 0xff, 0xec, 0x8c, 0x8c, 0xea,
    0xff, 0x93, 0x8c, 0x41, 0x0, 0x0, 0x21, 0xff,
    0xbb, 0x0, 0x0, 0xe9, 0xf5, 0x0, 0x0, 0x0,
    0x0, 0x0, 0x44, 0xff, 0x9a, 0x0, 0xc, 0xff,
    0xd3, 0x0, 0x0, 0x0, 0x0, 0x0, 0x67, 0xff,
    0x78, 0x0, 0x2f, 0xff, 0xb1, 0x0, 0x0, 0x0,
    0x7b, 0x88, 0xc4, 0xff, 0xb4, 0x88, 0xa9, 0xff,
    0xcf, 0x88, 0x68, 0x0, 0xe8, 0xff, 0xff, 0xff,
    0xff, 0xff, 0xff, 0xff, 0xff, 0xff, 0xc4, 0x0,
    0x0, 0x0, 0xc7, 0xff, 0x18, 0x0, 0x8c, 0xff,
    0x50, 0x0, 0x0, 0x0, 0x0, 0x0, 0xed, 0xf1,
    0x0, 0x0, 0xb2, 0xff, 0x2b, 0x0, 0x0, 0x0,
    0x0, 0x12, 0xff, 0xcb, 0x0, 0x0, 0xd8, 0xfd,
    0x7, 0x0, 0x0, 0x0, 0x0, 0x38, 0xff, 0xa5,
    0x0, 0x4, 0xfa, 0xe0, 0x0, 0x0, 0x0, 0x0,
    0x0, 0x5d, 0xff, 0x7f, 0x0, 0x25, 0xff, 0xba,
    0x0, 0x0, 0x0, 0x0,

    /* U+0024 "$" */
    0x0, 0x0, 0x0, 0x0, 0x0, 0xd8, 0x60, 0x0,
    0x0, 0x0, 0x0, 0x0, 0x0, 0x0, 0x0, 0x0,
    0xd8, 0x60, 0x0, 0x0, 0x0, 0x0, 0x0, 0x0,
    0xe, 0x8a, 0xe4, 0xff, 0xfb, 0xdd, 0x92, 0x1f,
    0x0, 0x0, 0xd, 0xd2, 0xff, 0xff, 0xff, 0xff,
    0xff, 0xff, 0xf4, 0x2f, 0x0, 0x88, 0xff, 0xfe,
    0x87, 0xe2, 0x91, 0x80, 0xec, 0xb3, 0x1, 0x0,
    0xde, 0xff, 0xaa, 0x0, 0xd8, 0x60, 0x0, 0x14,
    0xf, 0x0, 0x0, 0xfd, 0xff, 0x75, 0x0, 0xd8,
    0x60, 0x0, 0x0, 0x0, 0x0, 0x0, 0xea, 0xff,
    0x8c, 0x0, 0xd8, 0x60, 0x0, 0x0, 0x0, 0x0,
    0x0, 0xb5, 0xff, 0xf3, 0x5a, 0xdb, 0x60, 0x0,
    0x0, 0x0, 0x0, 0x0, 0x38, 0xfd, 0xff, 0xff,
    0xff, 0xca, 0x6e, 0x10, 0x0, 0x0, 0x0, 0x0,
    0x51, 0xe7, 0xff, 0xff, 0xff, 0xff, 0xeb, 0x43,
    0x0, 0x0, 0x0, 0x0, 0x7, 0x50, 0xeb, 0xed,
    0xff, 0xff, 0xf1, 0x1b, 0x0, 0x0, 0x0, 0x0,
    0x0, 0xd8, 0x60, 0x4a, 0xfe, 0xff, 0x82, 0x0,
    0x0, 0x0, 0x0, 0x0, 0xd8, 0x60, 0x0, 0xc3,
    0xff, 0xb7, 0x0, 0x0, 0x0, 0x0, 0x0, 0xd8,
    0x60, 0x0, 0xb9, 0xff, 0xba, 0x0, 0x8d, 0x74,
    0x0, 0x0, 0xd8, 0x60, 0xe, 0xf0, 0xff, 0x90,
    0x77, 0xff, 0xff, 0xbb, 0x63, 0xe3, 0x9d, 0xcc,
    0xff, 0xfb, 0x2b, 0x1c, 0xc8, 0xff, 0xff, 0xff,
    0xff, 0xff, 0xff, 0xfe, 0x68, 0x0, 0x0, 0x2,
    0x5c, 0xbc, 0xed, 0xff, 0xf2, 0xb2, 0x3b, 0x0,
    0x0, 0x0, 0x0, 0x0, 0x0, 0x0, 0xd8, 0x60,
    0x0, 0x0, 0x0, 0x0, 0x0, 0x0, 0x0, 0x0,
    0x0, 0xd8, 0x60, 0x0, 0x0, 0x0, 0x0, 0x0,
    0x0, 0x0, 0x0, 0x0, 0x17, 0xa, 0x0, 0x0,
    0x0, 0x0,

    /* U+0025 "%" */
    0x18, 0xbd, 0xf4, 0xbb, 0x17, 0x0, 0x0, 0x0,
    0xbd, 0xd8, 0x2, 0x97, 0xe4, 0x62, 0xe5, 0x95,
    0x0, 0x0, 0x37, 0xff, 0x61, 0x0, 0xbd, 0x9f,
    0x0, 0x9f, 0xbd, 0x0, 0x0, 0xb1, 0xe1, 0x5,
    0x0, 0xbf, 0x9c, 0x0, 0x9c, 0xbf, 0x0, 0x2c,
    0xfe, 0x6d, 0x0, 0x0, 0xab, 0xc6, 0xd, 0xc7,
    0xa9, 0x0, 0xa5, 0xe9, 0x9, 0x0, 0x0, 0x45,
    0xf9, 0xff, 0xf8, 0x43, 0x22, 0xfc, 0x79, 0x0,
    0x0, 0x0, 0x0, 0x1d, 0x4d, 0x1c, 0x0, 0x99,
    0xf0, 0xf, 0x0, 0x0, 0x0, 0x0, 0x0, 0x0,
    0x0, 0x19, 0xf8, 0x85, 0x0, 0x0, 0x0, 0x0,
    0x0, 0x0, 0x0, 0x0, 0x8c, 0xf6, 0x15, 0x0,
    0x0, 0x0, 0x0, 0x0, 0x0, 0x0, 0x12, 0xf3,
    0x92, 0x0, 0x0, 0x0, 0x0, 0x0, 0x0, 0x0,
    0x0, 0x80, 0xfa, 0x1d, 0x0, 0x4, 0x4, 0x0,
    0x0, 0x0, 0x0, 0xc, 0xed, 0x9e, 0x0, 0x80,
    0xf8, 0xf8, 0x7b, 0x0, 0x0, 0x0, 0x74, 0xfd,
    0x26, 0x24, 0xff, 0x85, 0x87, 0xff, 0x1f, 0x0,
    0x7, 0xe6, 0xaa, 0x0, 0x43, 0xff, 0x1d, 0x21,
    0xff, 0x3f, 0x0, 0x68, 0xff, 0x31, 0x0, 0x42,
    0xff, 0x1e, 0x22, 0xff, 0x3e, 0x3, 0xdd, 0xb6,
    0x0, 0x0, 0x21, 0xff, 0x92, 0x95, 0xfe, 0x1d,
    0x5b, 0xff, 0x3c, 0x0, 0x0, 0x0, 0x74, 0xea,
    0xea, 0x6e, 0x0,

    /* U+0026 "&" */
    0x0, 0x0, 0x0, 0x0, 0x5f, 0xd5, 0xf9, 0xe4,
    0x89, 0x6, 0x0, 0x0, 0x0, 0x0, 0x0, 0x0,
    0x0, 0x0, 0x0, 0x6b, 0xff, 0xff, 0xff, 0xff,
    0xff, 0xad, 0x0, 0x0, 0x0, 0x0, 0x0, 0x0,
    0x0, 0x0, 0x6, 0xef, 0xff, 0x99, 0x28, 0x62,
    0xfc, 0xff, 0x3b, 0x0, 0x0, 0x0, 0x0, 0x0,
    0x0, 0x0, 0x2c, 0xff, 0xfe, 0x7, 0x0, 0x0,
    0xbb, 0xff, 0x73, 0x0, 0x0, 0x0, 0x0, 0x0,
    0x0, 0x0, 0x1c, 0xff, 0xff, 0x2f, 0x0, 0x9,
    0xe2, 0xff, 0x60, 0x0, 0x0, 0x0, 0x0, 0x0,
    0x0, 0x0, 0x0, 0xc3, 0xff, 0xd2, 0x50, 0xcd,
    0xff, 0xf1, 0x13, 0x0, 0x0, 0x0, 0x0, 0x0,
    0x0, 0x0, 0x0, 0x26, 0xf5, 0xff, 0xff, 0xff,
    0xf2, 0x42, 0x0, 0x0, 0x0, 0x0, 0x0, 0x0,
    0x0, 0x0, 0x7, 0x8c, 0xfd, 0xff, 0xff, 0xe0,
    0x18, 0x0, 0x0, 0x0, 0x0, 0x0, 0x0, 0x0,
    0x0, 0x2, 0xad, 0xff, 0xff, 0xca, 0xff, 0xff,
    0x6f, 0x0, 0x0, 0x0, 0x0, 0x0, 0x0, 0x0,
    0x0, 0x62, 0xff, 0xfa, 0x55, 0x0, 0x9f, 0xff,
    0xfd, 0x4c, 0x0, 0x0, 0x67, 0xaa, 0x45, 0x0,
    0x0, 0xcd, 0xff, 0x80, 0x0, 0x0, 0x5, 0xbf,
    0xff, 0xf3, 0x2f, 0x5, 0xdb, 0xff, 0xa3, 0x0,
    0x1, 0xf8, 0xff, 0x2f, 0x0, 0x0, 0x0, 0x12,
    0xd9, 0xff, 0xe3, 0x94, 0xff, 0xfc, 0x27, 0x0,
    0x0, 0xf8, 0xff, 0x40, 0x0, 0x0, 0x0, 0x0,
    0x24, 0xec, 0xff, 0xff, 0xff, 0x79, 0x0, 0x0,
    0x0, 0xbd, 0xff, 0xac, 0x0, 0x0, 0x0, 0x0,
    0x0, 0x90, 0xff, 0xff, 0xe6, 0x3, 0x0, 0x0,
    0x0, 0x44, 0xfe, 0xff, 0xad, 0x3b, 0x20, 0x4c,
    0xb6, 0xff, 0xff, 0xff, 0xff, 0x87, 0x0, 0x0,
    0x0, 0x0, 0x75, 0xff, 0xff, 0xff, 0xff, 0xff,
    0xff, 0xfe, 0x9a, 0x9a, 0xff, 0xff, 0x5b, 0x0,
    0x0, 0x0, 0x0, 0x41, 0xb4, 0xed, 0xf9, 0xe0,
    0x9b, 0x2e, 0x0, 0x3, 0xb4, 0xff, 0xf7, 0x36,

    /* U+0027 "'" */
    0x0, 0x0, 0x0, 0x2, 0x0, 0x13, 0xae, 0x20,
    0x2a, 0xe6, 0xff, 0x20, 0x54, 0xff, 0xff, 0x20,
    0x54, 0xff, 0xff, 0x20,

    /* U+0028 "(" */
    0x0, 0x0, 0x0, 0x2b, 0xe8, 0xe, 0x0, 0x0,
    0xc, 0xd7, 0x92, 0x0, 0x0, 0x0, 0x8f, 0xff,
    0x2c, 0x0, 0x0, 0x17, 0xf6, 0xdc, 0x0, 0x0,
    0x0, 0x88, 0xff, 0x8e, 0x0, 0x0, 0x0, 0xda,
    0xff, 0x58, 0x0, 0x0, 0x21, 0xff, 0xff, 0x28,
    0x0, 0x0, 0x56, 0xff, 0xff, 0x7, 0x0, 0x0,
    0x6f, 0xff, 0xf7, 0x0, 0x0, 0x0, 0x81, 0xff,
    0xeb, 0x0, 0x0, 0x0, 0x70, 0xff, 0xf6, 0x0,
    0x0, 0x0, 0x57, 0xff, 0xff, 0x6, 0x0, 0x0,
    0x26, 0xff, 0xff, 0x25, 0x0, 0x0, 0x0, 0xdd,
    0xff, 0x55, 0x0, 0x0, 0x0, 0x8e, 0xff, 0x89,
    0x0, 0x0, 0x0, 0x1d, 0xf9, 0xd6, 0x0, 0x0,
    0x0, 0x0, 0x98, 0xff, 0x27, 0x0, 0x0, 0x0,
    0x11, 0xdf, 0x8b, 0x0, 0x0, 0x0, 0x0, 0x34,
    0xe7, 0xa, 0x0, 0x0, 0x0, 0x0, 0xc, 0x3,

    /* U+0029 ")" */
    0x4a, 0xcf, 0x8, 0x0, 0x0, 0x0, 0x1, 0xdb,
    0x9b, 0x0, 0x0, 0x0, 0x0, 0x78, 0xff, 0x45,
    0x0, 0x0, 0x0, 0x28, 0xff, 0xc3, 0x0, 0x0,
    0x0, 0x0, 0xdb, 0xff, 0x3b, 0x0, 0x0, 0x0,
    0xa5, 0xff, 0x8d, 0x0, 0x0, 0x0, 0x75, 0xff,
    0xd7, 0x0, 0x0, 0x0, 0x53, 0xff, 0xff, 0xc,
    0x0, 0x0, 0x44, 0xff, 0xff, 0x25, 0x0, 0x0,
    0x38, 0xff, 0xff, 0x39, 0x0, 0x0, 0x43, 0xff,
    0xff, 0x27, 0x0, 0x0, 0x53, 0xff, 0xff, 0xe,
    0x0, 0x0, 0x71, 0xff, 0xdb, 0x0, 0x0, 0x0,
    0xa2, 0xff, 0x92, 0x0, 0x0, 0x0, 0xd6, 0xff,
    0x42, 0x0, 0x0, 0x22, 0xff, 0xcb, 0x0, 0x0,
    0x0, 0x72, 0xff, 0x4e, 0x0, 0x0, 0x0, 0xd5,
    0xa6, 0x0, 0x0, 0x0, 0x43, 0xd8, 0xc, 0x0,
    0x0, 0x0, 0x7, 0x7, 0x0, 0x0, 0x0, 0x0,

    /* U+002A "*" */
    0x0, 0x0, 0x0, 0x78, 0xf8, 0x0, 0x0, 0x0,
    0x0, 0x7f, 0x4f, 0x78, 0xf8, 0x16, 0x95, 0x22,
    0x4, 0xa4, 0xff, 0xef, 0xfd, 0xf2, 0xe3, 0x3f,
    0x0, 0x0, 0x8b, 0xff, 0xff, 0xe8, 0x1e, 0x0,
    0x4, 0xb4, 0xff, 0xe5, 0xfd, 0xe8, 0xed, 0x47,
    0x0, 0x6d, 0x3c, 0x78, 0xf8, 0xd, 0x82, 0x1a,
    0x0, 0x0, 0x0, 0x70, 0xe8, 0x0, 0x0, 0x0,

    /* U+002B "+" */
    0x0, 0x0, 0x0, 0x0, 0x0, 0xb8, 0xff, 0x28,
    0x0, 0x0, 0x0, 0x0, 0x0, 0x0, 0x0, 0x0,
    0x0, 0x0, 0xb8, 0xff, 0x28, 0x0, 0x0, 0x0,
    0x0, 0x0, 0x0, 0x0, 0x0, 0x0, 0x0, 0xb8,
    0xff, 0x28, 0x0, 0x0, 0x0, 0x0, 0x0, 0x0,
    0x0, 0x0, 0x0, 0x0, 0xb8, 0xff, 0x28, 0x0,
    0x0, 0x0, 0x0, 0x0, 0x0, 0x0, 0x0, 0x0,
    0x0, 0xb8, 0xff, 0x28, 0x0, 0x0, 0x0, 0x0,
    0x0, 0xaf, 0xd0, 0xd0, 0xd0, 0xd0, 0xf2, 0xff,
    0xd7, 0xd0, 0xd0, 0xd0, 0xd0, 0x3d, 0xd8, 0xff,
    0xff, 0xff, 0xff, 0xff, 0xff, 0xff, 0xff, 0xff,
    0xff, 0xff, 0x4c, 0x0, 0x0, 0x0, 0x0, 0x0,
    0xb8, 0xff, 0x28, 0x0, 0x0, 0x0, 0x0, 0x0,
    0x0, 0x0, 0x0, 0x0, 0x0, 0xb8, 0xff, 0x28,
    0x0, 0x0, 0x0, 0x0, 0x0, 0x0, 0x0, 0x0,
    0x0, 0x0, 0xb8, 0xff, 0x28, 0x0, 0x0, 0x0,
    0x0, 0x0, 0x0, 0x0, 0x0, 0x0, 0x0, 0xb8,
    0xff, 0x28, 0x0, 0x0, 0x0, 0x0, 0x0, 0x0,
    0x0, 0x0, 0x0, 0x0, 0xb8, 0xff, 0x28, 0x0,
    0x0, 0x0, 0x0, 0x0,

    /* U+002C "," */
    0x54, 0xff, 0xff, 0x20, 0x54, 0xff, 0xff, 0x20,
    0x54, 0xff, 0xce, 0xd, 0x51, 0x88, 0x5, 0x0,
    0x2, 0x0, 0x0, 0x0,

    /* U+002D "-" */
    0x46, 0x64, 0x64, 0x64, 0x64, 0x64, 0x64, 0x33,
    0xb4, 0xff, 0xff, 0xff, 0xff, 0xff, 0xff, 0x84,
    0xb4, 0xff, 0xff, 0xff, 0xff, 0xff, 0xff, 0x84,

    /* U+002E "." */
    0x20, 0x64, 0x64, 0xc, 0x54, 0xff, 0xff, 0x20,
    0x54, 0xff, 0xff, 0x20,

    /* U+002F "/" */
    0x0, 0x0, 0x0, 0x0, 0x0, 0x3c, 0xff, 0xa4,
    0x0, 0x0, 0x0, 0x0, 0x0, 0x92, 0xff, 0x4e,
    0x0, 0x0, 0x0, 0x0, 0x2, 0xe5, 0xf1, 0x7,
    0x0, 0x0, 0x0, 0x0, 0x3e, 0xff, 0xa2, 0x0,
    0x0, 0x0, 0x0, 0x0, 0x94, 0xff, 0x4c, 0x0,
    0x0, 0x0, 0x0, 0x2, 0xe7, 0xef, 0x6, 0x0,
    0x0, 0x0, 0x0, 0x40, 0xff, 0xa0, 0x0, 0x0,
    0x0, 0x0, 0x0, 0x96, 0xff, 0x4a, 0x0, 0x0,
    0x0, 0x0, 0x3, 0xe8, 0xee, 0x5, 0x0, 0x0,
    0x0, 0x0, 0x43, 0xff, 0x9d, 0x0, 0x0, 0x0,
    0x0, 0x0, 0x99, 0xff, 0x47, 0x0, 0x0, 0x0,
    0x0, 0x3, 0xea, 0xec, 0x4, 0x0, 0x0, 0x0,
    0x0, 0x45, 0xff, 0x9b, 0x0, 0x0, 0x0, 0x0,
    0x0, 0x9b, 0xff, 0x45, 0x0, 0x0, 0x0, 0x0,
    0x4, 0xec, 0xeb, 0x4, 0x0, 0x0, 0x0, 0x0,
    0x47, 0xff, 0x99, 0x0, 0x0, 0x0, 0x0, 0x0,
    0x9d, 0xff, 0x43, 0x0, 0x0, 0x0, 0x0, 0x0,

    /* U+0030 "0" */
    0x0, 0x0, 0x6, 0x74, 0xd3, 0xf8, 0xee, 0xaf,
    0x35, 0x0, 0x0, 0x0, 0xc, 0xc6, 0xff, 0xff,
    0xff, 0xff, 0xff, 0xfb, 0x60, 0x0, 0x0, 0x8e,
    0xff, 0xff, 0xc2, 0x72, 0x87, 0xf1, 0xff, 0xf8,
    0x1f, 0x0, 0xea, 0xff, 0xc3, 0x1, 0x0, 0x0,
    0x38, 0xfe, 0xff, 0x75, 0xd, 0xff, 0xff, 0x71,
    0x0, 0x0, 0x0, 0x0, 0xe2, 0xff, 0x98, 0x14,
    0xff, 0xff, 0x60, 0x0, 0x0, 0x0, 0x0, 0xd0,
    0xff, 0xa0, 0x14, 0xff, 0xff, 0x60, 0x0, 0x0,
    0x0, 0x0, 0xd0, 0xff, 0xa0, 0x14, 0xff, 0xff,
    0x60, 0x0, 0x0, 0x0, 0x0, 0xd0, 0xff, 0xa0,
    0x14, 0xff, 0xff, 0x60, 0x0, 0x0, 0x0, 0x0,
    0xd0, 0xff, 0xa0, 0x14, 0xff, 0xff, 0x60, 0x0,
    0x0, 0x0, 0x0, 0xd0, 0xff, 0xa0, 0x14, 0xff,
    0xff, 0x60, 0x0, 0x0, 0x0, 0x0, 0xd0, 0xff,
    0xa0, 0x14, 0xff, 0xff, 0x60, 0x0, 0x0, 0x0,
    0x0, 0xd0, 0xff, 0xa0, 0xd, 0xff, 0xff, 0x71,
    0x0, 0x0, 0x0, 0x0, 0xe2, 0xff, 0x98, 0x0,
    0xea, 0xff, 0xc2, 0x1, 0x0, 0x0, 0x36, 0xfe,
    0xff, 0x75, 0x0, 0x8e, 0xff, 0xff, 0xc0, 0x71,
    0x86, 0xef, 0xff, 0xf8, 0x1f, 0x0, 0xc, 0xc6,
    0xff, 0xff, 0xff, 0xff, 0xff, 0xfb, 0x60, 0x0,
    0x0, 0x0, 0x6, 0x74, 0xd3, 0xf9, 0xee, 0xaf,
    0x35, 0x0, 0x0,

    /* U+0031 "1" */
    0x0, 0xb, 0x9d, 0xff, 0xff, 0x80, 0x27, 0xd8,
    0xff, 0xff, 0xff, 0x80, 0x68, 0xff, 0xe3, 0xfc,
    0xff, 0x80, 0x68, 0xaf, 0x12, 0xf8, 0xff, 0x80,
    0x14, 0x0, 0x0, 0xf8, 0xff, 0x80, 0x0, 0x0,
    0x0, 0xf8, 0xff, 0x80, 0x0, 0x0, 0x0, 0xf8,
    0xff, 0x80, 0x0, 0x0, 0x0, 0xf8, 0xff, 0x80,
    0x0, 0x0, 0x0, 0xf8, 0xff, 0x80, 0x0, 0x0,
    0x0, 0xf8, 0xff, 0x80, 0x0, 0x0, 0x0, 0xf8,
    0xff, 0x80, 0x0, 0x0, 0x0, 0xf8, 0xff, 0x80,
    0x0, 0x0, 0x0, 0xf8, 0xff, 0x80, 0x0, 0x0,
    0x0, 0xf8, 0xff, 0x80, 0x0, 0x0, 0x0, 0xf8,
    0xff, 0x80, 0x0, 0x0, 0x0, 0xf8, 0xff, 0x80,
    0x0, 0x0, 0x0, 0xf8, 0xff, 0x80,

    /* U+0032 "2" */
    0x0, 0x0, 0xa, 0x81, 0xdc, 0xf9, 0xe5, 0x9c,
    0x1e, 0x0, 0x0, 0x0, 0xd, 0xcb, 0xff, 0xff,
    0xff, 0xff, 0xff, 0xed, 0x32, 0x0, 0x0, 0x9a,
    0xff, 0xff, 0xc0, 0x72, 0x90, 0xf9, 0xff, 0xdf,
    0x7, 0xb, 0xf8, 0xff, 0xb3, 0x0, 0x0, 0x0,
    0x58, 0xff, 0xff, 0x53, 0x26, 0xd4, 0xd4, 0x45,
    0x0, 0x0, 0x0, 0x2, 0xf5, 0xff, 0x7e, 0x0,
    0x0, 0x0, 0x0, 0x0, 0x0, 0x0, 0xd, 0xfd,
    0xff, 0x77, 0x0, 0x0, 0x0, 0x0, 0x0, 0x0,
    0x0, 0x91, 0xff, 0xff, 0x38, 0x0, 0x0, 0x0,
    0x0, 0x0, 0x0, 0x5d, 0xff, 0xff, 0xb3, 0x0,
    0x0, 0x0, 0x0, 0x0, 0x0, 0x34, 0xf7, 0xff,
    0xdd, 0x11, 0x0, 0x0, 0x0, 0x0, 0x0, 0x17,
    0xe3, 0xff, 0xf3, 0x2c, 0x0, 0x0, 0x0, 0x0,
    0x0, 0x5, 0xc3, 0xff, 0xfe, 0x53, 0x0, 0x0,
    0x0, 0x0, 0x0, 0x0, 0x98, 0xff, 0xff, 0x84,
    0x0, 0x0, 0x0, 0x0, 0x0, 0x0, 0x67, 0xff,
    0xff, 0xb4, 0x2, 0x0, 0x0, 0x0, 0x0, 0x0,
    0x3b, 0xfa, 0xff, 0xd9, 0xf, 0x0, 0x0, 0x0,
    0x0, 0x0, 0x15, 0xe8, 0xff, 0xff, 0x8c, 0x64,
    0x64, 0x64, 0x64, 0x64, 0x35, 0x38, 0xff, 0xff,
    0xff, 0xff, 0xff, 0xff, 0xff, 0xff, 0xff, 0x88,
    0x38, 0xff, 0xff, 0xff, 0xff, 0xff, 0xff, 0xff,
    0xff, 0xff, 0x88,

    /* U+0033 "3" */
    0x0, 0x0, 0x2b, 0xac, 0xee, 0xf7, 0xd3, 0x79,
    0x8, 0x0, 0x0, 0x0, 0x45, 0xf6, 0xff, 0xff,
    0xff, 0xff, 0xff, 0xc5, 0x9, 0x0, 0x11, 0xec,
    0xff, 0xf3, 0x8c, 0x72, 0xc3, 0xff, 0xff, 0x91,
    0x0, 0x69, 0xff, 0xff, 0x41, 0x0, 0x0, 0x1,
    0xb3, 0xff, 0xf5, 0x8, 0x2e, 0x54, 0x4e, 0x0,
    0x0, 0x0, 0x0, 0x57, 0xff, 0xff, 0x24, 0x0,
    0x0, 0x0, 0x0, 0x0, 0x0, 0x0, 0x79, 0xff,
    0xfe, 0x11, 0x0, 0x0, 0x0, 0x0, 0x0, 0xf,
    0x59, 0xf2, 0xff, 0xbb, 0x0, 0x0, 0x0, 0x0,
    0x0, 0xc0, 0xff, 0xff, 0xff, 0xd8, 0x21, 0x0,
    0x0, 0x0, 0x0, 0x0, 0xc0, 0xff, 0xff, 0xff,
    0xcc, 0x18, 0x0, 0x0, 0x0, 0x0, 0x0, 0x12,
    0x24, 0x70, 0xf6, 0xff, 0xb8, 0x0, 0x0, 0x0,
    0x0, 0x0, 0x0, 0x0, 0x0, 0x72, 0xff, 0xff,
    0x26, 0x0, 0x0, 0x0, 0x0, 0x0, 0x0, 0x0,
    0x28, 0xff, 0xff, 0x52, 0x3a, 0x5c, 0x4f, 0x0,
    0x0, 0x0, 0x0, 0x34, 0xff, 0xff, 0x4c, 0x75,
    0xff, 0xff, 0x41, 0x0, 0x0, 0x0, 0xa0, 0xff,
    0xff, 0x1a, 0x18, 0xf3, 0xff, 0xf1, 0x89, 0x70,
    0xbb, 0xff, 0xff, 0xab, 0x0, 0x0, 0x56, 0xfb,
    0xff, 0xff, 0xff, 0xff, 0xff, 0xd0, 0x12, 0x0,
    0x0, 0x0, 0x33, 0xaf, 0xef, 0xf8, 0xd5, 0x7c,
    0xa, 0x0, 0x0,

    /* U+0034 "4" */
    0x0, 0x0, 0x0, 0x0, 0x0, 0x35, 0xff, 0xff,
    0x81, 0x0, 0x0, 0x0, 0x0, 0x0, 0x0, 0x0,
    0x0, 0xb0, 0xff, 0xf3, 0x13, 0x0, 0x0, 0x0,
    0x0, 0x0, 0x0, 0x0, 0x2b, 0xfe, 0xff, 0x8b,
    0x0, 0x0, 0x0, 0x0, 0x0, 0x0, 0x0, 0x0,
    0xa4, 0xff, 0xf8, 0x19, 0x0, 0x0, 0x0, 0x0,
    0x0, 0x0, 0x0, 0x21, 0xfb, 0xff, 0x95, 0x0,
    0x0, 0x0, 0x0, 0x0, 0x0, 0x0, 0x0, 0x98,
    0xff, 0xfb, 0x1f, 0x0, 0x0, 0x0, 0x0, 0x0,
    0x0, 0x0, 0x19, 0xf8, 0xff, 0x9f, 0x0, 0x0,
    0x0, 0x0, 0x0, 0x0, 0x0, 0x0, 0x8c, 0xff,
    0xfd, 0x27, 0x0, 0x4c, 0x88, 0x77, 0x0, 0x0,
    0x0, 0x12, 0xf3, 0xff, 0xa9, 0x0, 0x0, 0x90,
    0xff, 0xe0, 0x0, 0x0, 0x0, 0x80, 0xff, 0xff,
    0x2f, 0x0, 0x0, 0x90, 0xff, 0xe0, 0x0, 0x0,
    0xc, 0xed, 0xff, 0xb3, 0x0, 0x0, 0x0, 0x90,
    0xff, 0xe0, 0x0, 0x0, 0x73, 0xff, 0xff, 0x39,
    0x0, 0x0, 0x0, 0x90, 0xff, 0xe0, 0x0, 0x0,
    0xb0, 0xff, 0xff, 0xff, 0xff, 0xff, 0xff, 0xff,
    0xff, 0xff, 0xff, 0x40, 0xb0, 0xff, 0xff, 0xff,
    0xff, 0xff, 0xff, 0xff, 0xff, 0xff, 0xff, 0x40,
    0x2e, 0x44, 0x44, 0x44, 0x44, 0x44, 0x44, 0xad,
    0xff, 0xe8, 0x44, 0x11, 0x0, 0x0, 0x0, 0x0,
    0x0, 0x0, 0x0, 0x90, 0xff, 0xe0, 0x0, 0x0,
    0x0, 0x0, 0x0, 0x0, 0x0, 0x0, 0x0, 0x90,
    0xff, 0xe0, 0x0, 0x0,

    /* U+0035 "5" */
    0x0, 0xc8, 0xff, 0xff, 0xff, 0xff, 0xff, 0xff,
    0xff, 0xff, 0x50, 0x0, 0xc8, 0xff, 0xff, 0xff,
    0xff, 0xff, 0xff, 0xff, 0xff, 0x50, 0x0, 0xc8,
    0xff, 0xb6, 0x64, 0x64, 0x64, 0x64, 0x64, 0x64,
    0x1f, 0x0, 0xc8, 0xff, 0x88, 0x0, 0x0, 0x0,
    0x0, 0x0, 0x0, 0x0, 0x0, 0xc8, 0xff, 0x88,
    0x0, 0x0, 0x0, 0x0, 0x0, 0x0, 0x0, 0x0,
    0xc8, 0xff, 0xa0, 0x98, 0xe1, 0xf7, 0xcc, 0x59,
    0x0, 0x0, 0x0, 0xc8, 0xff, 0xff, 0xff, 0xff,
    0xff, 0xff, 0xff, 0x79, 0x0, 0x0, 0xc8, 0xff,
    0xff, 0xc6, 0x6e, 0x7f, 0xea, 0xff, 0xfc, 0x22,
    0x0, 0xab, 0xdc, 0xb2, 0x4, 0x0, 0x0, 0x44,
    0xff, 0xff, 0x75, 0x0, 0x0, 0x0, 0x0, 0x0,
    0x0, 0x0, 0x2, 0xef, 0xff, 0x98, 0x0, 0x0,
    0x0, 0x0, 0x0, 0x0, 0x0, 0x0, 0xd3, 0xff,
    0xa4, 0x0, 0x0, 0x0, 0x0, 0x0, 0x0, 0x0,
    0x0, 0xd7, 0xff, 0xa2, 0x6, 0x74, 0x74, 0x32,
    0x0, 0x0, 0x0, 0x1, 0xf2, 0xff, 0x93, 0x0,
    0xe6, 0xff, 0xbe, 0x1, 0x0, 0x0, 0x32, 0xff,
    0xff, 0x66, 0x0, 0x87, 0xff, 0xff, 0xbc, 0x6f,
    0x7b, 0xe1, 0xff, 0xed, 0x11, 0x0, 0xa, 0xc3,
    0xff, 0xff, 0xff, 0xff, 0xff, 0xf7, 0x48, 0x0,
    0x0, 0x0, 0x4, 0x68, 0xca, 0xf7, 0xed, 0xae,
    0x2d, 0x0, 0x0,

    /* U+0036 "6" */
    0x0, 0x0, 0x5a, 0xc9, 0xf6, 0xe8, 0xb5, 0x3e,
    0x0, 0x0, 0x0, 0x92, 0xff, 0xff, 0xff, 0xff,
    0xff, 0xff, 0x5e, 0x0, 0x49, 0xff, 0xff, 0xcd,
    0x78, 0x80, 0xe5, 0xff, 0xf9, 0x14, 0xa4, 0xff,
    0xe1, 0x7, 0x0, 0x0, 0x24, 0xc7, 0xc8, 0x4d,
    0xc8, 0xff, 0x9f, 0x0, 0x0, 0x0, 0x0, 0x0,
    0x0, 0x0, 0xd0, 0xff, 0x90, 0x0, 0x0, 0x0,
    0x0, 0x0, 0x0, 0x0, 0xd0, 0xff, 0xcb, 0xb4,
    0xe4, 0xf9, 0xe8, 0x96, 0xf, 0x0, 0xd0, 0xff,
    0xff, 0xff, 0xff, 0xff, 0xff, 0xff, 0xc9, 0x3,
    0xd0, 0xff, 0xff, 0x91, 0x34, 0x3e, 0xb9, 0xff,
    0xff, 0x4b, 0xd0, 0xff, 0xcb, 0x0, 0x0, 0x0,
    0xf, 0xf5, 0xff, 0x85, 0xd0, 0xff, 0x98, 0x0,
    0x0, 0x0, 0x0, 0xcd, 0xff, 0x98, 0xd0, 0xff,
    0x90, 0x0, 0x0, 0x0, 0x0, 0xc4, 0xff, 0x9c,
    0xc9, 0xff, 0x9f, 0x0, 0x0, 0x0, 0x0, 0xd5,
    0xff, 0x93, 0xa6, 0xff, 0xde, 0x6, 0x0, 0x0,
    0x23, 0xfb, 0xff, 0x70, 0x4d, 0xff, 0xff, 0xc5,
    0x6c, 0x75, 0xe0, 0xff, 0xfa, 0x1f, 0x0, 0x9a,
    0xff, 0xff, 0xff, 0xff, 0xff, 0xff, 0x6d, 0x0,
    0x0, 0x0, 0x61, 0xcc, 0xf7, 0xf3, 0xbd, 0x46,
    0x0, 0x0,

    /* U+0037 "7" */
    0xc0, 0xff, 0xff, 0xff, 0xff, 0xff, 0xff, 0xff,
    0xff, 0xf4, 0xc0, 0xff, 0xff, 0xff, 0xff, 0xff,
    0xff, 0xff, 0xff, 0xf4, 0xc0, 0xff, 0xcf, 0x64,
    0x64, 0x64, 0x64, 0xee, 0xff, 0xe1, 0xc0, 0xff,
    0xb0, 0x0, 0x0, 0x0, 0x35, 0xff, 0xff, 0x83,
    0xa5, 0xdc, 0x97, 0x0, 0x0, 0x0, 0x9b, 0xff,
    0xfe, 0x20, 0x0, 0x0, 0x0, 0x0, 0x0, 0xc,
    0xf3, 0xff, 0xb9, 0x0, 0x0, 0x0, 0x0, 0x0,
    0x0, 0x66, 0xff, 0xff, 0x54, 0x0, 0x0, 0x0,
    0x0, 0x0, 0x0, 0xcb, 0xff, 0xe9, 0x5, 0x0,
    0x0, 0x0, 0x0, 0x0, 0x30, 0xff, 0xff, 0x8a,
    0x0, 0x0, 0x0, 0x0, 0x0, 0x0, 0x96, 0xff,
    0xff, 0x26, 0x0, 0x0, 0x0, 0x0, 0x0, 0xa,
    0xf1, 0xff, 0xc0, 0x0, 0x0, 0x0, 0x0, 0x0,
    0x0, 0x62, 0xff, 0xff, 0x5b, 0x0, 0x0, 0x0,
    0x0, 0x0, 0x0, 0xc7, 0xff, 0xee, 0x8, 0x0,
    0x0, 0x0, 0x0, 0x0, 0x2d, 0xff, 0xff, 0x91,
    0x0, 0x0, 0x0, 0x0, 0x0, 0x0, 0x92, 0xff,
    0xff, 0x2c, 0x0, 0x0, 0x0, 0x0, 0x0, 0x8,
    0xee, 0xff, 0xc7, 0x0, 0x0, 0x0, 0x0, 0x0,
    0x0, 0x5d, 0xff, 0xff, 0x62, 0x0, 0x0, 0x0,
    0x0, 0x0,

    /* U+0038 "8" */
    0x0, 0x0, 0x6, 0x77, 0xd4, 0xf8, 0xee, 0xb2,
    0x38, 0x0, 0x0, 0x0, 0x9, 0xc2, 0xff, 0xff,
    0xff, 0xff, 0xff, 0xfb, 0x5b, 0x0, 0x0, 0x8d,
    0xff, 0xff, 0xc1, 0x72, 0x88, 0xee, 0xff, 0xf8,
    0x20, 0x3, 0xef, 0xff, 0xb2, 0x0, 0x0, 0x0,
    0x2b, 0xfa, 0xff, 0x7e, 0x19, 0xff, 0xff, 0x61,
    0x0, 0x0, 0x0, 0x0, 0xd2, 0xff, 0xa4, 0x9,
    0xfc, 0xff, 0x81, 0x0, 0x0, 0x0, 0x6, 0xec,
    0xff, 0x90, 0x0, 0xaa, 0xff, 0xf5, 0x5b, 0xd,
    0x22, 0xab, 0xff, 0xfe, 0x35, 0x0, 0x15, 0xd8,
    0xff, 0xff, 0xff, 0xff, 0xff, 0xff, 0x7b, 0x0,
    0x0, 0x1e, 0xd5, 0xff, 0xff, 0xff, 0xff, 0xff,
    0xff, 0x85, 0x0, 0x0, 0xc7, 0xff, 0xf8, 0x78,
    0x28, 0x3d, 0xc1, 0xff, 0xff, 0x58, 0x36, 0xff,
    0xff, 0x6f, 0x0, 0x0, 0x0, 0x8, 0xd7, 0xff,
    0xc5, 0x61, 0xff, 0xff, 0x1a, 0x0, 0x0, 0x0,
    0x0, 0x86, 0xff, 0xf1, 0x5e, 0xff, 0xff, 0x26,
    0x0, 0x0, 0x0, 0x0, 0x94, 0xff, 0xed, 0x2b,
    0xff, 0xff, 0x9f, 0x0, 0x0, 0x0, 0x22, 0xf0,
    0xff, 0xba, 0x0, 0xba, 0xff, 0xff, 0xc1, 0x73,
    0x88, 0xef, 0xff, 0xff, 0x48, 0x0, 0x17, 0xd5,
    0xff, 0xff, 0xff, 0xff, 0xff, 0xfe, 0x79, 0x0,
    0x0, 0x0, 0xc, 0x7e, 0xd6, 0xf9, 0xef, 0xb6,
    0x41, 0x0, 0x0,

    /* U+0039 "9" */
    0x0, 0x0, 0x5a, 0xc9, 0xf6, 0xf1, 0xba, 0x42,
    0x0, 0x0, 0x0, 0x93, 0xff, 0xff, 0xff, 0xff,
    0xff, 0xfe, 0x68, 0x0, 0x4a, 0xff, 0xff, 0xcd,
    0x78, 0x82, 0xe6, 0xff, 0xf8, 0x1d, 0xa5, 0xff,
    0xe1, 0x7, 0x0, 0x0, 0x26, 0xfc, 0xff, 0x6f,
    0xc8, 0xff, 0x9f, 0x0, 0x0, 0x0, 0x0, 0xd6,
    0xff, 0x93, 0xd0, 0xff, 0x90, 0x0, 0x0, 0x0,
    0x0, 0xc4, 0xff, 0x9c, 0xcd, 0xff, 0x98, 0x0,
    0x0, 0x0, 0x0, 0xcd, 0xff, 0x9c, 0xba, 0xff,
    0xca, 0x0, 0x0, 0x0, 0xe, 0xf4, 0xff, 0x9c,
    0x7c, 0xff, 0xff, 0x90, 0x33, 0x3c, 0xb8, 0xff,
    0xff, 0x9c, 0x12, 0xe0, 0xff, 0xff, 0xff, 0xff,
    0xff, 0xff, 0xff, 0x9c, 0x0, 0x1b, 0xa6, 0xf0,
    0xf6, 0xdd, 0xa6, 0xe1, 0xff, 0x9c, 0x0, 0x0,
    0x0, 0x0, 0x0, 0x0, 0x0, 0xc4, 0xff, 0x9c,
    0x0, 0x0, 0x0, 0x0, 0x0, 0x0, 0x0, 0xd5,
    0xff, 0x94, 0x73, 0xc8, 0xb7, 0x7, 0x0, 0x0,
    0x23, 0xfb, 0xff, 0x70, 0x3d, 0xff, 0xff, 0xc8,
    0x69, 0x75, 0xe0, 0xff, 0xf9, 0x1e, 0x0, 0x87,
    0xff, 0xff, 0xff, 0xff, 0xff, 0xff, 0x6c, 0x0,
    0x0, 0x0, 0x53, 0xc5, 0xf0, 0xf3, 0xbd, 0x46,
    0x0, 0x0,

    /* U+003A ":" */
    0x54, 0xff, 0xff, 0x20, 0x54, 0xff, 0xff, 0x20,
    0x20, 0x64, 0x64, 0xc, 0x0, 0x0, 0x0, 0x0,
    0x0, 0x0, 0x0, 0x0, 0x20, 0x64, 0x64, 0xc,
    0x54, 0xff, 0xff, 0x20, 0x54, 0xff, 0xff, 0x20,

    /* U+003B ";" */
    0x20, 0x64, 0x64, 0xc, 0x54, 0xff, 0xff, 0x20,
    0x54, 0xff, 0xff, 0x20, 0x0, 0x0, 0x0, 0x0,
    0x0, 0x0, 0x0, 0x0, 0x0, 0x0, 0x0, 0x0,
    0x54, 0xff, 0xff, 0x20, 0x54, 0xff, 0xff, 0x20,
    0x54, 0xff, 0xce, 0xd, 0x51, 0x88, 0x5, 0x0,
    0x2, 0x0, 0x0, 0x0,

    /* U+003C "<" */
    0x0, 0x0, 0x0, 0x0, 0x0, 0x0, 0x0, 0x0,
    0x0, 0x0, 0x0, 0x3, 0xc, 0x0, 0x0, 0x0,
    0x0, 0x0, 0x0, 0x0, 0x0, 0x0, 0x11, 0x75,
    0xe1, 0x48, 0x0, 0x0, 0x0, 0x0, 0x0, 0x0,
    0x0, 0x29, 0x97, 0xf5, 0xff, 0xf9, 0x39, 0x0,
    0x0, 0x0, 0x0, 0x1, 0x4a, 0xb9, 0xff, 0xff,
    0xe0, 0x7a, 0x16, 0x0, 0x0, 0x0, 0xc, 0x6c,
    0xda, 0xff, 0xfe, 0xb9, 0x4e, 0x2, 0x0, 0x0,
    0x0, 0x22, 0x8e, 0xf1, 0xff, 0xee, 0x8d, 0x24,
    0x0, 0x0, 0x0, 0x0, 0x0, 0x0, 0xdb, 0xff,
    0xd5, 0x62, 0x9, 0x0, 0x0, 0x0, 0x0, 0x0,
    0x0, 0x0, 0x0, 0xc4, 0xff, 0xf7, 0xa1, 0x37,
    0x0, 0x0, 0x0, 0x0, 0x0, 0x0, 0x0, 0x0,
    0x2, 0x4f, 0xbe, 0xff, 0xff, 0xcc, 0x62, 0x9,
    0x0, 0x0, 0x0, 0x0, 0x0, 0x0, 0x0, 0x0,
    0x2d, 0x9c, 0xf7, 0xff, 0xee, 0x8d, 0x24, 0x0,
    0x0, 0x0, 0x0, 0x0, 0x0, 0x0, 0x0, 0x14,
    0x7a, 0xe4, 0xff, 0xfe, 0xb9, 0x4e, 0x3, 0x0,
    0x0, 0x0, 0x0, 0x0, 0x0, 0x0, 0x4, 0x58,
    0xc7, 0xff, 0xff, 0x47, 0x0, 0x0, 0x0, 0x0,
    0x0, 0x0, 0x0, 0x0, 0x0, 0x0, 0x36, 0xa5,
    0x42,

    /* U+003D "=" */
    0xb2, 0xd4, 0xd4, 0xd4, 0xd4, 0xd4, 0xd4, 0xd4,
    0xd4, 0xd4, 0xd4, 0xd4, 0x3e, 0xd8, 0xff, 0xff,
    0xff, 0xff, 0xff, 0xff, 0xff, 0xff, 0xff, 0xff,
    0xff, 0x4c, 0x0, 0x0, 0x0, 0x0, 0x0, 0x0,
    0x0, 0x0, 0x0, 0x0, 0x0, 0x0, 0x0, 0x0,
    0x0, 0x0, 0x0, 0x0, 0x0, 0x0, 0x0, 0x0,
    0x0, 0x0, 0x0, 0x0, 0x0, 0x0, 0x0, 0x0,
    0x0, 0x0, 0x0, 0x0, 0x0, 0x0, 0x0, 0x0,
    0x0, 0xb2, 0xd4, 0xd4, 0xd4, 0xd4, 0xd4, 0xd4,
    0xd4, 0xd4, 0xd4, 0xd4, 0xd4, 0x3e, 0xd8, 0xff,
    0xff, 0xff, 0xff, 0xff, 0xff, 0xff, 0xff, 0xff,
    0xff, 0xff, 0x4c,

    /* U+003E ">" */
    0x10, 0x0, 0x0, 0x0, 0x0, 0x0, 0x0, 0x0,
    0x0, 0x0, 0x0, 0x0, 0x0, 0xd6, 0xa4, 0x35,
    0x0, 0x0, 0x0, 0x0, 0x0, 0x0, 0x0, 0x0,
    0x0, 0x0, 0xc6, 0xff, 0xff, 0xc6, 0x57, 0x4,
    0x0, 0x0, 0x0, 0x0, 0x0, 0x0, 0x0, 0x2,
    0x4d, 0xb7, 0xfe, 0xff, 0xe3, 0x79, 0x13, 0x0,
    0x0, 0x0, 0x0, 0x0, 0x0, 0x0, 0x0, 0x22,
    0x8b, 0xec, 0xff, 0xf6, 0x9b, 0x2d, 0x0, 0x0,
    0x0, 0x0, 0x0, 0x0, 0x0, 0x0, 0x8, 0x60,
    0xca, 0xff, 0xff, 0xbd, 0x4e, 0x2, 0x0, 0x0,
    0x0, 0x0, 0x0, 0x0, 0x0, 0x0, 0x33, 0x9f,
    0xfe, 0xff, 0x47, 0x0, 0x0, 0x0, 0x0, 0x0,
    0x0, 0x0, 0x12, 0x73, 0xdb, 0xff, 0xf8, 0x38,
    0x0, 0x0, 0x0, 0x0, 0x0, 0x35, 0x9f, 0xf6,
    0xff, 0xe6, 0x7e, 0x16, 0x0, 0x0, 0x0, 0x8,
    0x60, 0xca, 0xff, 0xff, 0xcb, 0x5c, 0x5, 0x0,
    0x0, 0x0, 0x23, 0x8c, 0xed, 0xff, 0xfb, 0xa9,
    0x3a, 0x0, 0x0, 0x0, 0x0, 0x0, 0x0, 0xdb,
    0xff, 0xec, 0x87, 0x1c, 0x0, 0x0, 0x0, 0x0,
    0x0, 0x0, 0x0, 0x0, 0xaf, 0x65, 0x9, 0x0,
    0x0, 0x0, 0x0, 0x0, 0x0, 0x0, 0x0, 0x0,
    0x0,

    /* U+003F "?" */
    0x0, 0x0, 0x1d, 0xa0, 0xea, 0xf8, 0xd0, 0x67,
    0x1, 0x0, 0x0, 0x29, 0xeb, 0xff, 0xff, 0xff,
    0xff, 0xff, 0xac, 0x3, 0x0, 0xcb, 0xff, 0xfc,
    0x9b, 0x71, 0xcc, 0xff, 0xff, 0x66, 0x27, 0xff,
    0xff, 0x82, 0x0, 0x0, 0x8, 0xd8, 0xff, 0xbe,
    0x43, 0xf8, 0xf8, 0x3a, 0x0, 0x0, 0x0, 0x9c,
    0xff, 0xd8, 0x0, 0x0, 0x0, 0x0, 0x0, 0x0,
    0x3, 0xd6, 0xff, 0xbd, 0x0, 0x0, 0x0, 0x0,
    0x0, 0x0, 0x77, 0xff, 0xff, 0x62, 0x0, 0x0,
    0x0, 0x0, 0x0, 0x36, 0xfa, 0xff, 0xc3, 0x3,
    0x0, 0x0, 0x0, 0x0, 0xe, 0xdd, 0xff, 0xec,
    0x1c, 0x0, 0x0, 0x0, 0x0, 0x0, 0x90, 0xff,
    0xfe, 0x4b, 0x0, 0x0, 0x0, 0x0, 0x0, 0x0,
    0xd9, 0xff, 0xb7, 0x0, 0x0, 0x0, 0x0, 0x0,
    0x0, 0x0, 0xea, 0xff, 0x8b, 0x0, 0x0, 0x0,
    0x0, 0x0, 0x0, 0x0, 0xc7, 0xd8, 0x72, 0x0,
    0x0, 0x0, 0x0, 0x0, 0x0, 0x0, 0x0, 0x0,
    0x0, 0x0, 0x0, 0x0, 0x0, 0x0, 0x0, 0x0,
    0x5c, 0x64, 0x35, 0x0, 0x0, 0x0, 0x0, 0x0,
    0x0, 0x0, 0xec, 0xff, 0x88, 0x0, 0x0, 0x0,
    0x0, 0x0, 0x0, 0x0, 0xec, 0xff, 0x88, 0x0,
    0x0, 0x0,

    /* U+0040 "@" */
    0x0, 0x0, 0x0, 0x0, 0x0, 0xc, 0x6b, 0xb3,
    0xe2, 0xf7, 0xf4, 0xdc, 0xa6, 0x55, 0x4, 0x0,
    0x0, 0x0, 0x0, 0x0, 0x0, 0x0, 0x0, 0x64,
    0xed, 0xff, 0xff, 0xf4, 0xdf, 0xdc, 0xf3, 0xff,
    0xff, 0xdb, 0x40, 0x0, 0x0, 0x0, 0x0, 0x0,
    0x0, 0x98, 0xff, 0xf8, 0x92, 0x31, 0x1, 0x0,
    0x0, 0x2, 0x31, 0x98, 0xfc, 0xfd, 0x61, 0x0,
    0x0, 0x0, 0x0, 0x7f, 0xff, 0xe6, 0x33, 0x0,
    0x1, 0x3d, 0x75, 0x7b, 0x36, 0x0, 0x0, 0x3d,
    0xf1, 0xfd, 0x3b, 0x0, 0x0, 0x25, 0xfa, 0xf7,
    0x32, 0x0, 0x1d, 0xc5, 0xff, 0xff, 0xff, 0xfe,
    0x5d, 0xcf, 0x97, 0x50, 0xff, 0xc8, 0x0, 0x0,
    0x92, 0xff, 0x86, 0x0, 0xf, 0xd9, 0xfe, 0x8a,
    0x1b, 0x13, 0xa5, 0xf4, 0xff, 0x59, 0x0, 0xd5,
    0xff, 0x1e, 0x0, 0xdd, 0xff, 0x1d, 0x0, 0x98,
    0xff, 0x87, 0x0, 0x0, 0x0, 0xb, 0xf8, 0xf9,
    0xe, 0x0, 0x9f, 0xff, 0x42, 0x2, 0xfc, 0xe2,
    0x0, 0x19, 0xfa, 0xe4, 0x8, 0x0, 0x0, 0x0,
    0x0, 0xea, 0xb5, 0x0, 0x0, 0x9a, 0xff, 0x44,
    0xe, 0xff, 0xd1, 0x0, 0x62, 0xff, 0x86, 0x0,
    0x0, 0x0, 0x0, 0x22, 0xff, 0x64, 0x0, 0x0,
    0xcd, 0xff, 0x23, 0x1, 0xfa, 0xe4, 0x0, 0x86,
    0xff, 0x57, 0x0, 0x0, 0x0, 0x0, 0x8e, 0xfd,
    0x15, 0x0, 0x33, 0xff, 0xd8, 0x0, 0x0, 0xd5,
    0xff, 0x1f, 0x78, 0xff, 0x73, 0x0, 0x0, 0x0,
    0x31, 0xf9, 0xcd, 0x0, 0x4, 0xc8, 0xff, 0x56,
    0x0, 0x0, 0x8a, 0xff, 0x86, 0x33, 0xfe, 0xe8,
    0x3c, 0xa, 0x4b, 0xe7, 0xff, 0xbc, 0x16, 0xa9,
    0xff, 0x8a, 0x0, 0x0, 0x0, 0x1d, 0xf7, 0xf6,
    0x32, 0x8c, 0xff, 0xff, 0xff, 0xfb, 0x64, 0xe7,
    0xff, 0xff, 0xf4, 0x6b, 0xd, 0xc, 0x0, 0x0,
    0x0, 0x77, 0xff, 0xe7, 0x39, 0x43, 0x83, 0x79,
    0x2c, 0x0, 0x27, 0x80, 0x6f, 0x1a, 0x76, 0xfc,
    0x51, 0x0, 0x0, 0x0, 0x0, 0x93, 0xff, 0xfa,
    0x9c, 0x38, 0x4, 0x0, 0x0, 0x0, 0x13, 0x56,
    0xca, 0xfd, 0x72, 0x0, 0x0, 0x0, 0x0, 0x0,
    0x0, 0x63, 0xed, 0xff, 0xff, 0xf6, 0xe0, 0xda,
    0xec, 0xfe, 0xff, 0xdd, 0x3d, 0x0, 0x0, 0x0,
    0x0, 0x0, 0x0, 0x0, 0x0, 0xd, 0x6d, 0xb6,
    0xe4, 0xf8, 0xf8, 0xdd, 0xa9, 0x58, 0x5, 0x0,
    0x0, 0x0, 0x0,

    /* U+0041 "A" */
    0x0, 0x0, 0x0, 0x0, 0x0, 0x3, 0xe7, 0xff,
    0x92, 0x0, 0x0, 0x0, 0x0, 0x0, 0x0, 0x0,
    0x0, 0x0, 0x0, 0x0, 0x49, 0xff, 0xff, 0xeb,
    0x5, 0x0, 0x0, 0x0, 0x0, 0x0, 0x0, 0x0,
    0x0, 0x0, 0x0, 0xa7, 0xff, 0xff, 0xff, 0x4e,
    0x0, 0x0, 0x0, 0x0, 0x0, 0x0, 0x0, 0x0,
    0x0, 0xe, 0xf6, 0xff, 0xf0, 0xff, 0xac, 0x0,
    0x0, 0x0, 0x0, 0x0, 0x0, 0x0, 0x0, 0x0,
    0x63, 0xff, 0xfa, 0x6b, 0xff, 0xf8, 0x11, 0x0,
    0x0, 0x0, 0x0, 0x0, 0x0, 0x0, 0x0, 0xc1,
    0xff, 0xb7, 0xe, 0xf9, 0xff, 0x68, 0x0, 0x0,
    0x0, 0x0, 0x0, 0x0, 0x0, 0x1f, 0xfe, 0xff,
    0x65, 0x0, 0xb6, 0xff, 0xc6, 0x0, 0x0, 0x0,
    0x0, 0x0, 0x0, 0x0, 0x7d, 0xff, 0xfc, 0x15,
    0x0, 0x62, 0xff, 0xff, 0x24, 0x0, 0x0, 0x0,
    0x0, 0x0, 0x0, 0xd9, 0xff, 0xbb, 0x0, 0x0,
    0x11, 0xf9, 0xff, 0x81, 0x0, 0x0, 0x0, 0x0,
    0x0, 0x38, 0xff, 0xff, 0x64, 0x0, 0x0, 0x0,
    0xb1, 0xff, 0xde, 0x1, 0x0, 0x0, 0x0, 0x0,
    0x96, 0xff, 0xfa, 0x11, 0x0, 0x0, 0x0, 0x58,
    0xff, 0xff, 0x3d, 0x0, 0x0, 0x0, 0x6, 0xed,
    0xff, 0xff, 0xff, 0xff, 0xff, 0xff, 0xff, 0xff,
    0xff, 0x9b, 0x0, 0x0, 0x0, 0x52, 0xff, 0xff,
    0xff, 0xff, 0xff, 0xff, 0xff, 0xff, 0xff, 0xff,
    0xf0, 0x8, 0x0, 0x0, 0xb0, 0xff, 0xf6, 0x40,
    0x3c, 0x3c, 0x3c, 0x3c, 0x3c, 0x71, 0xff, 0xff,
    0x57, 0x0, 0x13, 0xfa, 0xff, 0xa6, 0x0, 0x0,
    0x0, 0x0, 0x0, 0x0, 0x7, 0xf0, 0xff, 0xb5,
    0x0, 0x6c, 0xff, 0xff, 0x4a, 0x0, 0x0, 0x0,
    0x0, 0x0, 0x0, 0x0, 0x9e, 0xff, 0xfb, 0x17,
    0xc9, 0xff, 0xe9, 0x4, 0x0, 0x0, 0x0, 0x0,
    0x0, 0x0, 0x0, 0x45, 0xff, 0xff, 0x71,

    /* U+0042 "B" */
    0x30, 0xff, 0xff, 0xff, 0xff, 0xff, 0xff, 0xfd,
    0xea, 0xb3, 0x42, 0x0, 0x0, 0x30, 0xff, 0xff,
    0xff, 0xff, 0xff, 0xff, 0xff, 0xff, 0xff, 0xfe,
    0x6a, 0x0, 0x30, 0xff, 0xff, 0x8e, 0x40, 0x40,
    0x40, 0x4d, 0x8a, 0xf9, 0xff, 0xf7, 0x19, 0x30,
    0xff, 0xff, 0x68, 0x0, 0x0, 0x0, 0x0, 0x0,
    0x6f, 0xff, 0xff, 0x62, 0x30, 0xff, 0xff, 0x68,
    0x0, 0x0, 0x0, 0x0, 0x0, 0x25, 0xff, 0xff,
    0x78, 0x30, 0xff, 0xff, 0x68, 0x0, 0x0, 0x0,
    0x0, 0x0, 0x4f, 0xff, 0xff, 0x53, 0x30, 0xff,
    0xff, 0x68, 0x0, 0x0, 0x0, 0xc, 0x48, 0xe2,
    0xff, 0xda, 0x7, 0x30, 0xff, 0xff, 0xff, 0xff,
    0xff, 0xff, 0xff, 0xff, 0xff, 0xba, 0x1f, 0x0,
    0x30, 0xff, 0xff, 0xff, 0xff, 0xff, 0xff, 0xff,
    0xff, 0xff, 0xb1, 0x27, 0x0, 0x30, 0xff, 0xff,
    0x8b, 0x3c, 0x3c, 0x3c, 0x43, 0x74, 0xf0, 0xff,
    0xe3, 0x13, 0x30, 0xff, 0xff, 0x68, 0x0, 0x0,
    0x0, 0x0, 0x0, 0x3f, 0xff, 0xff, 0x76, 0x30,
    0xff, 0xff, 0x68, 0x0, 0x0, 0x0, 0x0, 0x0,
    0x0, 0xe3, 0xff, 0xb0, 0x30, 0xff, 0xff, 0x68,
    0x0, 0x0, 0x0, 0x0, 0x0, 0x0, 0xe9, 0xff,
    0xba, 0x30, 0xff, 0xff, 0x68, 0x0, 0x0, 0x0,
    0x0, 0x0, 0x57, 0xff, 0xff, 0x92, 0x30, 0xff,
    0xff, 0xa3, 0x64, 0x64, 0x64, 0x6b, 0x9b, 0xfb,
    0xff, 0xff, 0x34, 0x30, 0xff, 0xff, 0xff, 0xff,
    0xff, 0xff, 0xff, 0xff, 0xff, 0xff, 0x7b, 0x0,
    0x30, 0xff, 0xff, 0xff, 0xff, 0xff, 0xff, 0xff,
    0xf5, 0xc2, 0x4c, 0x0, 0x0,

    /* U+0043 "C" */
    0x0, 0x0, 0x0, 0x49, 0xb7, 0xe3, 0xf9, 0xe2,
    0xa0, 0x2b, 0x0, 0x0, 0x0, 0x0, 0x7, 0xa5,
    0xff, 0xff, 0xff, 0xff, 0xff, 0xff, 0xf9, 0x5f,
    0x0, 0x0, 0x0, 0x9f, 0xff, 0xff, 0xf5, 0xa8,
    0x92, 0xc7, 0xff, 0xff, 0xfd, 0x43, 0x0, 0x2d,
    0xff, 0xff, 0xdc, 0x20, 0x0, 0x0, 0x0, 0x64,
    0xfe, 0xff, 0xd7, 0x1, 0x87, 0xff, 0xff, 0x47,
    0x0, 0x0, 0x0, 0x0, 0x0, 0x96, 0xf0, 0xf0,
    0x32, 0xae, 0xff, 0xf5, 0x2, 0x0, 0x0, 0x0,
    0x0, 0x0, 0x0, 0x0, 0x0, 0x0, 0xb9, 0xff,
    0xdf, 0x0, 0x0, 0x0, 0x0, 0x0, 0x0, 0x0,
    0x0, 0x0, 0x0, 0xbe, 0xff, 0xd6, 0x0, 0x0,
    0x0, 0x0, 0x0, 0x0, 0x0, 0x0, 0x0, 0x0,
    0xc0, 0xff, 0xd4, 0x0, 0x0, 0x0, 0x0, 0x0,
    0x0, 0x0, 0x0, 0x0, 0x0, 0xbe, 0xff, 0xd6,
    0x0, 0x0, 0x0, 0x0, 0x0, 0x0, 0x0, 0x0,
    0x0, 0x0, 0xb9, 0xff, 0xde, 0x0, 0x0, 0x0,
    0x0, 0x0, 0x0, 0x0, 0x0, 0x0, 0x0, 0xae,
    0xff, 0xf4, 0x1, 0x0, 0x0, 0x0, 0x0, 0x0,
    0x0, 0x0, 0x0, 0x0, 0x88, 0xff, 0xff, 0x44,
    0x0, 0x0, 0x0, 0x0, 0x0, 0x86, 0xd0, 0xd0,
    0x2d, 0x2e, 0xff, 0xff, 0xdc, 0x1e, 0x0, 0x0,
    0x0, 0x5c, 0xfd, 0xff, 0xe2, 0x4, 0x0, 0xa1,
    0xff, 0xff, 0xf3, 0xa6, 0x91, 0xc3, 0xff, 0xff,
    0xff, 0x58, 0x0, 0x0, 0x9, 0xab, 0xff, 0xff,
    0xff, 0xff, 0xff, 0xff, 0xfc, 0x75, 0x0, 0x0,
    0x0, 0x0, 0x1, 0x50, 0xba, 0xe5, 0xfa, 0xe3,
    0xa2, 0x31, 0x0, 0x0, 0x0,

    /* U+0044 "D" */
    0x30, 0xff, 0xff, 0xff, 0xff, 0xff, 0xff, 0xec,
    0xc4, 0x68, 0x4, 0x0, 0x0, 0x30, 0xff, 0xff,
    0xff, 0xff, 0xff, 0xff, 0xff, 0xff, 0xff, 0xc4,
    0x11, 0x0, 0x30, 0xff, 0xff, 0xa3, 0x64, 0x64,
    0x66, 0x85, 0xdf, 0xff, 0xff, 0xb4, 0x0, 0x30,
    0xff, 0xff, 0x68, 0x0, 0x0, 0x0, 0x0, 0x9,
    0xba, 0xff, 0xff, 0x4c, 0x30, 0xff, 0xff, 0x68,
    0x0, 0x0, 0x0, 0x0, 0x0, 0x1b, 0xfc, 0xff,
    0xa8, 0x30, 0xff, 0xff, 0x68, 0x0, 0x0, 0x0,
    0x0, 0x0, 0x0, 0xcd, 0xff, 0xd1, 0x30, 0xff,
    0xff, 0x68, 0x0, 0x0, 0x0, 0x0, 0x0, 0x0,
    0xb6, 0xff, 0xdf, 0x30, 0xff, 0xff, 0x68, 0x0,
    0x0, 0x0, 0x0, 0x0, 0x0, 0xaf, 0xff, 0xe5,
    0x30, 0xff, 0xff, 0x68, 0x0, 0x0, 0x0, 0x0,
    0x0, 0x0, 0xac, 0xff, 0xe7, 0x30, 0xff, 0xff,
    0x68, 0x0, 0x0, 0x0, 0x0, 0x0, 0x0, 0xae,
    0xff, 0xe5, 0x30, 0xff, 0xff, 0x68, 0x0, 0x0,
    0x0, 0x0, 0x0, 0x0, 0xb4, 0xff, 0xdf, 0x30,
    0xff, 0xff, 0x68, 0x0, 0x0, 0x0, 0x0, 0x0,
    0x0, 0xc7, 0xff, 0xd0, 0x30, 0xff, 0xff, 0x68,
    0x0, 0x0, 0x0, 0x0, 0x0, 0x11, 0xf7, 0xff,
    0xa8, 0x30, 0xff, 0xff, 0x68, 0x0, 0x0, 0x0,
    0x0, 0x5, 0xa9, 0xff, 0xff, 0x4e, 0x30, 0xff,
    0xff, 0xa3, 0x64, 0x64, 0x66, 0x82, 0xd8, 0xff,
    0xff, 0xaf, 0x0, 0x30, 0xff, 0xff, 0xff, 0xff,
    0xff, 0xff, 0xff, 0xff, 0xff, 0xb1, 0xb, 0x0,
    0x30, 0xff, 0xff, 0xff, 0xff, 0xff, 0xfd, 0xe6,
    0xba, 0x55, 0x1, 0x0, 0x0,

    /* U+0045 "E" */
    0x30, 0xff, 0xff, 0xff, 0xff, 0xff, 0xff, 0xff,
    0xff, 0xff, 0xff, 0xbc, 0x30, 0xff, 0xff, 0xff,
    0xff, 0xff, 0xff, 0xff, 0xff, 0xff, 0xff, 0xbc,
    0x30, 0xff, 0xff, 0xa3, 0x64, 0x64, 0x64, 0x64,
    0x64, 0x64, 0x64, 0x49, 0x30, 0xff, 0xff, 0x68,
    0x0, 0x0, 0x0, 0x0, 0x0, 0x0, 0x0, 0x0,
    0x30, 0xff, 0xff, 0x68, 0x0, 0x0, 0x0, 0x0,
    0x0, 0x0, 0x0, 0x0, 0x30, 0xff, 0xff, 0x68,
    0x0, 0x0, 0x0, 0x0, 0x0, 0x0, 0x0, 0x0,
    0x30, 0xff, 0xff, 0x68, 0x0, 0x0, 0x0, 0x0,
    0x0, 0x0, 0x0, 0x0, 0x30, 0xff, 0xff, 0x8e,
    0x40, 0x40, 0x40, 0x40, 0x40, 0x40, 0x21, 0x0,
    0x30, 0xff, 0xff, 0xff, 0xff, 0xff, 0xff, 0xff,
    0xff, 0xff, 0x84, 0x0, 0x30, 0xff, 0xff, 0xff,
    0xff, 0xff, 0xff, 0xff, 0xff, 0xff, 0x84, 0x0,
    0x30, 0xff, 0xff, 0x68, 0x0, 0x0, 0x0, 0x0,
    0x0, 0x0, 0x0, 0x0, 0x30, 0xff, 0xff, 0x68,
    0x0, 0x0, 0x0, 0x0, 0x0, 0x0, 0x0, 0x0,
    0x30, 0xff, 0xff, 0x68, 0x0, 0x0, 0x0, 0x0,
    0x0, 0x0, 0x0, 0x0, 0x30, 0xff, 0xff, 0x68,
    0x0, 0x0, 0x0, 0x0, 0x0, 0x0, 0x0, 0x0,
    0x30, 0xff, 0xff, 0xa3, 0x64, 0x64, 0x64, 0x64,
    0x64, 0x64, 0x64, 0x49, 0x30, 0xff, 0xff, 0xff,
    0xff, 0xff, 0xff, 0xff, 0xff, 0xff, 0xff, 0xbc,
    0x30, 0xff, 0xff, 0xff, 0xff, 0xff, 0xff, 0xff,
    0xff, 0xff, 0xff, 0xbc,

    /* U+0046 "F" */
    0x30, 0xff, 0xff, 0xff, 0xff, 0xff, 0xff, 0xff,
    0xff, 0xff, 0xff, 0xbc, 0x30, 0xff, 0xff, 0xff,
    0xff, 0xff, 0xff, 0xff, 0xff, 0xff, 0xff, 0xbc,
    0x30, 0xff, 0xff, 0xa3, 0x64, 0x64, 0x64, 0x64,
    0x64, 0x64, 0x64, 0x49, 0x30, 0xff, 0xff, 0x68,
    0x0, 0x0, 0x0, 0x0, 0x0, 0x0, 0x0, 0x0,
    0x30, 0xff, 0xff, 0x68, 0x0, 0x0, 0x0, 0x0,
    0x0, 0x0, 0x0, 0x0, 0x30, 0xff, 0xff, 0x68,
    0x0, 0x0, 0x0, 0x0, 0x0, 0x0, 0x0, 0x0,
    0x30, 0xff, 0xff, 0x68, 0x0, 0x0, 0x0, 0x0,
    0x0, 0x0, 0x0, 0x0, 0x30, 0xff, 0xff, 0x8e,
    0x40, 0x40, 0x40, 0x40, 0x40, 0x40, 0x21, 0x0,
    0x30, 0xff, 0xff, 0xff, 0xff, 0xff, 0xff, 0xff,
    0xff, 0xff, 0x84, 0x0, 0x30, 0xff, 0xff, 0xff,
    0xff, 0xff, 0xff, 0xff, 0xff, 0xff, 0x84, 0x0,
    0x30, 0xff, 0xff, 0x68, 0x0, 0x0, 0x0, 0x0,
    0x0, 0x0, 0x0, 0x0, 0x30, 0xff, 0xff, 0x68,
    0x0, 0x0, 0x0, 0x0, 0x0, 0x0, 0x0, 0x0,
    0x30, 0xff, 0xff, 0x68, 0x0, 0x0, 0x0, 0x0,
    0x0, 0x0, 0x0, 0x0, 0x30, 0xff, 0xff, 0x68,
    0x0, 0x0, 0x0, 0x0, 0x0, 0x0, 0x0, 0x0,
    0x30, 0xff, 0xff, 0x68, 0x0, 0x0, 0x0, 0x0,
    0x0, 0x0, 0x0, 0x0, 0x30, 0xff, 0xff, 0x68,
    0x0, 0x0, 0x0, 0x0, 0x0, 0x0, 0x0, 0x0,
    0x30, 0xff, 0xff, 0x68, 0x0, 0x0, 0x0, 0x0,
    0x0, 0x0, 0x0, 0x0,

    /* U+0047 "G" */
    0x0, 0x0, 0x0, 0x49, 0xb7, 0xe3, 0xf9, 0xe2,
    0xa0, 0x2b, 0x0, 0x0, 0x0, 0x0, 0x7, 0xa5,
    0xff, 0xff, 0xff, 0xff, 0xff, 0xff, 0xf9, 0x5f,
    0x0, 0x0, 0x0, 0x9f, 0xff, 0xff, 0xf5, 0xa8,
    0x92, 0xc5, 0xff, 0xff, 0xfd, 0x45, 0x0, 0x2d,
    0xff, 0xff, 0xdc, 0x20, 0x0, 0x0, 0x0, 0x60,
    0xfd, 0xff, 0xd9, 0x2, 0x87, 0xff, 0xff, 0x47,
    0x0, 0x0, 0x0, 0x0, 0x0, 0x93, 0xec, 0xec,
    0x31, 0xae, 0xff, 0xf5, 0x2, 0x0, 0x0, 0x0,
    0x0, 0x0, 0x0, 0x0, 0x0, 0x0, 0xb9, 0xff,
    0xdf, 0x0, 0x0, 0x0, 0x0, 0x0, 0x0, 0x0,
    0x0, 0x0, 0x0, 0xbe, 0xff, 0xd6, 0x0, 0x0,
    0x0, 0x40, 0x64, 0x64, 0x64, 0x64, 0x64, 0x2b,
    0xc0, 0xff, 0xd4, 0x0, 0x0, 0x0, 0xa4, 0xff,
    0xff, 0xff, 0xff, 0xff, 0x70, 0xbe, 0xff, 0xd6,
    0x0, 0x0, 0x0, 0xa4, 0xff, 0xff, 0xff, 0xff,
    0xff, 0x70, 0xb9, 0xff, 0xde, 0x0, 0x0, 0x0,
    0x0, 0x0, 0x0, 0x28, 0xff, 0xff, 0x70, 0xae,
    0xff, 0xf4, 0x1, 0x0, 0x0, 0x0, 0x0, 0x0,
    0x38, 0xff, 0xff, 0x64, 0x88, 0xff, 0xff, 0x44,
    0x0, 0x0, 0x0, 0x0, 0x0, 0x82, 0xff, 0xff,
    0x3d, 0x2e, 0xff, 0xff, 0xdc, 0x1e, 0x0, 0x0,
    0x0, 0x4f, 0xf7, 0xff, 0xdf, 0x3, 0x0, 0xa1,
    0xff, 0xff, 0xf3, 0xa6, 0x93, 0xc2, 0xff, 0xff,
    0xfd, 0x4c, 0x0, 0x0, 0x9, 0xab, 0xff, 0xff,
    0xff, 0xff, 0xff, 0xff, 0xf9, 0x61, 0x0, 0x0,
    0x0, 0x0, 0x1, 0x50, 0xba, 0xe5, 0xf9, 0xe1,
    0x9c, 0x28, 0x0, 0x0, 0x0,

    /* U+0048 "H" */
    0x30, 0xff, 0xff, 0x68, 0x0, 0x0, 0x0, 0x0,
    0x0, 0x0, 0xd0, 0xff, 0xc4, 0x30, 0xff, 0xff,
    0x68, 0x0, 0x0, 0x0, 0x0, 0x0, 0x0, 0xd0,
    0xff, 0xc4, 0x30, 0xff, 0xff, 0x68, 0x0, 0x0,
    0x0, 0x0, 0x0, 0x0, 0xd0, 0xff, 0xc4, 0x30,
    0xff, 0xff, 0x68, 0x0, 0x0, 0x0, 0x0, 0x0,
    0x0, 0xd0, 0xff, 0xc4, 0x30, 0xff, 0xff, 0x68,
    0x0, 0x0, 0x0, 0x0, 0x0, 0x0, 0xd0, 0xff,
    0xc4, 0x30, 0xff, 0xff, 0x68, 0x0, 0x0, 0x0,
    0x0, 0x0, 0x0, 0xd0, 0xff, 0xc4, 0x30, 0xff,
    0xff, 0x68, 0x0, 0x0, 0x0, 0x0, 0x0, 0x0,
    0xd0, 0xff, 0xc4, 0x30, 0xff, 0xff, 0x8e, 0x40,
    0x40, 0x40, 0x40, 0x40, 0x40, 0xdc, 0xff, 0xc4,
    0x30, 0xff, 0xff, 0xff, 0xff, 0xff, 0xff, 0xff,
    0xff, 0xff, 0xff, 0xff, 0xc4, 0x30, 0xff, 0xff,
    0xff, 0xff, 0xff, 0xff, 0xff, 0xff, 0xff, 0xff,
    0xff, 0xc4, 0x30, 0xff, 0xff, 0x68, 0x0, 0x0,
    0x0, 0x0, 0x0, 0x0, 0xd0, 0xff, 0xc4, 0x30,
    0xff, 0xff, 0x68, 0x0, 0x0, 0x0, 0x0, 0x0,
    0x0, 0xd0, 0xff, 0xc4, 0x30, 0xff, 0xff, 0x68,
    0x0, 0x0, 0x0, 0x0, 0x0, 0x0, 0xd0, 0xff,
    0xc4, 0x30, 0xff, 0xff, 0x68, 0x0, 0x0, 0x0,
    0x0, 0x0, 0x0, 0xd0, 0xff, 0xc4, 0x30, 0xff,
    0xff, 0x68, 0x0, 0x0, 0x0, 0x0, 0x0, 0x0,
    0xd0, 0xff, 0xc4, 0x30, 0xff, 0xff, 0x68, 0x0,
    0x0, 0x0, 0x0, 0x0, 0x0, 0xd0, 0xff, 0xc4,
    0x30, 0xff, 0xff, 0x68, 0x0, 0x0, 0x0, 0x0,
    0x0, 0x0, 0xd0, 0xff, 0xc4,

    /* U+0049 "I" */
    0x30, 0xff, 0xff, 0x68, 0x30, 0xff, 0xff, 0x68,
    0x30, 0xff, 0xff, 0x68, 0x30, 0xff, 0xff, 0x68,
    0x30, 0xff, 0xff, 0x68, 0x30, 0xff, 0xff, 0x68,
    0x30, 0xff, 0xff, 0x68, 0x30, 0xff, 0xff, 0x68,
    0x30, 0xff, 0xff, 0x68, 0x30, 0xff, 0xff, 0x68,
    0x30, 0xff, 0xff, 0x68, 0x30, 0xff, 0xff, 0x68,
    0x30, 0xff, 0xff, 0x68, 0x30, 0xff, 0xff, 0x68,
    0x30, 0xff, 0xff, 0x68, 0x30, 0xff, 0xff, 0x68,
    0x30, 0xff, 0xff, 0x68,

    /* U+004A "J" */
    0x0, 0x0, 0x0, 0x0, 0x0, 0x0, 0x0, 0xa4,
    0xff, 0xf4, 0x0, 0x0, 0x0, 0x0, 0x0, 0x0,
    0x0, 0xa4, 0xff, 0xf4, 0x0, 0x0, 0x0, 0x0,
    0x0, 0x0, 0x0, 0xa4, 0xff, 0xf4, 0x0, 0x0,
    0x0, 0x0, 0x0, 0x0, 0x0, 0xa4, 0xff, 0xf4,
    0x0, 0x0, 0x0, 0x0, 0x0, 0x0, 0x0, 0xa4,
    0xff, 0xf4, 0x0, 0x0, 0x0, 0x0, 0x0, 0x0,
    0x0, 0xa4, 0xff, 0xf4, 0x0, 0x0, 0x0, 0x0,
    0x0, 0x0, 0x0, 0xa4, 0xff, 0xf4, 0x0, 0x0,
    0x0, 0x0, 0x0, 0x0, 0x0, 0xa4, 0xff, 0xf4,
    0x0, 0x0, 0x0, 0x0, 0x0, 0x0, 0x0, 0xa4,
    0xff, 0xf4, 0x0, 0x0, 0x0, 0x0, 0x0, 0x0,
    0x0, 0xa4, 0xff, 0xf4, 0x0, 0x0, 0x0, 0x0,
    0x0, 0x0, 0x0, 0xa4, 0xff, 0xf4, 0x0, 0x0,
    0x0, 0x0, 0x0, 0x0, 0x0, 0xa7, 0xff, 0xf2,
    0x0, 0x0, 0x0, 0x0, 0x0, 0x0, 0x0, 0xcc,
    0xff, 0xde, 0x0, 0x3b, 0x4b, 0x0, 0x0, 0x0,
    0x5f, 0xff, 0xff, 0xa3, 0x7e, 0xfd, 0xfd, 0xb0,
    0x91, 0xc9, 0xff, 0xff, 0xfa, 0x2e, 0x52, 0xf8,
    0xff, 0xff, 0xff, 0xff, 0xff, 0xf5, 0x53, 0x0,
    0x0, 0x2a, 0xa2, 0xe4, 0xfa, 0xe3, 0x9a, 0x23,
    0x0, 0x0,

    /* U+004B "K" */
    0x30, 0xff, 0xff, 0x68, 0x0, 0x0, 0x0, 0x0,
    0x0, 0xf, 0xda, 0xff, 0xf5, 0x31, 0x0, 0x30,
    0xff, 0xff, 0x68, 0x0, 0x0, 0x0, 0x0, 0x2,
    0xb5, 0xff, 0xff, 0x57, 0x0, 0x0, 0x30, 0xff,
    0xff, 0x68, 0x0, 0x0, 0x0, 0x0, 0x84, 0xff,
    0xff, 0x85, 0x0, 0x0, 0x0, 0x30, 0xff, 0xff,
    0x68, 0x0, 0x0, 0x0, 0x52, 0xfe, 0xff, 0xb3,
    0x2, 0x0, 0x0, 0x0, 0x30, 0xff, 0xff, 0x68,
    0x0, 0x0, 0x2a, 0xf3, 0xff, 0xd5, 0xd, 0x0,
    0x0, 0x0, 0x0, 0x30, 0xff, 0xff, 0x68, 0x0,
    0x10, 0xda, 0xff, 0xee, 0x24, 0x0, 0x0, 0x0,
    0x0, 0x0, 0x30, 0xff, 0xff, 0x68, 0x2, 0xb5,
    0xff, 0xff, 0x51, 0x0, 0x0, 0x0, 0x0, 0x0,
    0x0, 0x30, 0xff, 0xff, 0x68, 0x85, 0xff, 0xff,
    0xff, 0x8f, 0x0, 0x0, 0x0, 0x0, 0x0, 0x0,
    0x30, 0xff, 0xff, 0xb8, 0xfe, 0xff, 0xed, 0xff,
    0xfb, 0x2a, 0x0, 0x0, 0x0, 0x0, 0x0, 0x30,
    0xff, 0xff, 0xff, 0xff, 0x9e, 0x29, 0xfb, 0xff,
    0xbc, 0x0, 0x0, 0x0, 0x0, 0x0, 0x30, 0xff,
    0xff, 0xff, 0xa7, 0x2, 0x0, 0x94, 0xff, 0xff,
    0x52, 0x0, 0x0, 0x0, 0x0, 0x30, 0xff, 0xff,
    0xb4, 0x4, 0x0, 0x0, 0x13, 0xef, 0xff, 0xdf,
    0x9, 0x0, 0x0, 0x0, 0x30, 0xff, 0xff, 0x68,
    0x0, 0x0, 0x0, 0x0, 0x74, 0xff, 0xff, 0x7f,
    0x0, 0x0, 0x0, 0x30, 0xff, 0xff, 0x68, 0x0,
    0x0, 0x0, 0x0, 0x6, 0xdd, 0xff, 0xf6, 0x1e,
    0x0, 0x0, 0x30, 0xff, 0xff, 0x68, 0x0, 0x0,
    0x0, 0x0, 0x0, 0x54, 0xff, 0xff, 0xab, 0x0,
    0x0, 0x30, 0xff, 0xff, 0x68, 0x0, 0x0, 0x0,
    0x0, 0x0, 0x0, 0xc3, 0xff, 0xff, 0x42, 0x0,
    0x30, 0xff, 0xff, 0x68, 0x0, 0x0, 0x0, 0x0,
    0x0, 0x0, 0x35, 0xfe, 0xff, 0xd4, 0x4,

    /* U+004C "L" */
    0x30, 0xff, 0xff, 0x68, 0x0, 0x0, 0x0, 0x0,
    0x0, 0x0, 0x0, 0x0, 0x30, 0xff, 0xff, 0x68,
    0x0, 0x0, 0x0, 0x0, 0x0, 0x0, 0x0, 0x0,
    0x30, 0xff, 0xff, 0x68, 0x0, 0x0, 0x0, 0x0,
    0x0, 0x0, 0x0, 0x0, 0x30, 0xff, 0xff, 0x68,
    0x0, 0x0, 0x0, 0x0, 0x0, 0x0, 0x0, 0x0,
    0x30, 0xff, 0xff, 0x68, 0x0, 0x0, 0x0, 0x0,
    0x0, 0x0, 0x0, 0x0, 0x30, 0xff, 0xff, 0x68,
    0x0, 0x0, 0x0, 0x0, 0x0, 0x0, 0x0, 0x0,
    0x30, 0xff, 0xff, 0x68, 0x0, 0x0, 0x0, 0x0,
    0x0, 0x0, 0x0, 0x0, 0x30, 0xff, 0xff, 0x68,
    0x0, 0x0, 0x0, 0x0, 0x0, 0x0, 0x0, 0x0,
    0x30, 0xff, 0xff, 0x68, 0x0, 0x0, 0x0, 0x0,
    0x0, 0x0, 0x0, 0x0, 0x30, 0xff, 0xff, 0x68,
    0x0, 0x0, 0x0, 0x0, 0x0, 0x0, 0x0, 0x0,
    0x30, 0xff, 0xff, 0x68, 0x0, 0x0, 0x0, 0x0,
    0x0, 0x0, 0x0, 0x0, 0x30, 0xff, 0xff, 0x68,
    0x0, 0x0, 0x0, 0x0, 0x0, 0x0, 0x0, 0x0,
    0x30, 0xff, 0xff, 0x68, 0x0, 0x0, 0x0, 0x0,
    0x0, 0x0, 0x0, 0x0, 0x30, 0xff, 0xff, 0x68,
    0x0, 0x0, 0x0, 0x0, 0x0, 0x0, 0x0, 0x0,
    0x30, 0xff, 0xff, 0xa3, 0x64, 0x64, 0x64, 0x64,
    0x64, 0x64, 0x64, 0x49, 0x30, 0xff, 0xff, 0xff,
    0xff, 0xff, 0xff, 0xff, 0xff, 0xff, 0xff, 0xbc,
    0x30, 0xff, 0xff, 0xff, 0xff, 0xff, 0xff, 0xff,
    0xff, 0xff, 0xff, 0xbc,

    /* U+004D "M" */
    0x30, 0xff, 0xff, 0x7c, 0x0, 0x0, 0x0, 0x0,
    0x0, 0x0, 0x0, 0x0, 0x44, 0xff, 0xff, 0x68,
    0x30, 0xff, 0xff, 0xe7, 0x6, 0x0, 0x0, 0x0,
    0x0, 0x0, 0x0, 0x0, 0xb2, 0xff, 0xff, 0x68,
    0x30, 0xff, 0xff, 0xff, 0x5f, 0x0, 0x0, 0x0,
    0x0, 0x0, 0x0, 0x22, 0xfd, 0xff, 0xff, 0x68,
    0x30, 0xff, 0xff, 0xff, 0xd0, 0x0, 0x0, 0x0,
    0x0, 0x0, 0x0, 0x8f, 0xff, 0xff, 0xff, 0x68,
    0x30, 0xff, 0xff, 0xff, 0xff, 0x41, 0x0, 0x0,
    0x0, 0x0, 0xc, 0xf0, 0xff, 0xff, 0xff, 0x68,
    0x30, 0xff, 0xff, 0xff, 0xff, 0xb3, 0x0, 0x0,
    0x0, 0x0, 0x6c, 0xff, 0xff, 0xff, 0xff, 0x68,
    0x30, 0xff, 0xff, 0xe1, 0xff, 0xfe, 0x26, 0x0,
    0x0, 0x1, 0xd8, 0xff, 0xe3, 0xff, 0xff, 0x68,
    0x30, 0xff, 0xff, 0x7c, 0xf7, 0xff, 0x96, 0x0,
    0x0, 0x49, 0xff, 0xff, 0x77, 0xff, 0xff, 0x68,
    0x30, 0xff, 0xff, 0x68, 0x9c, 0xff, 0xf5, 0x12,
    0x0, 0xb7, 0xff, 0xd7, 0x31, 0xff, 0xff, 0x68,
    0x30, 0xff, 0xff, 0x68, 0x2c, 0xff, 0xff, 0x78,
    0x27, 0xfe, 0xff, 0x68, 0x30, 0xff, 0xff, 0x68,
    0x30, 0xff, 0xff, 0x68, 0x0, 0xbc, 0xff, 0xe4,
    0x99, 0xff, 0xee, 0xa, 0x30, 0xff, 0xff, 0x68,
    0x30, 0xff, 0xff, 0x68, 0x0, 0x4c, 0xff, 0xff,
    0xff, 0xff, 0x89, 0x0, 0x30, 0xff, 0xff, 0x68,
    0x30, 0xff, 0xff, 0x68, 0x0, 0x1, 0xd9, 0xff,
    0xff, 0xfc, 0x1d, 0x0, 0x30, 0xff, 0xff, 0x68,
    0x30, 0xff, 0xff, 0x68, 0x0, 0x0, 0x6c, 0xff,
    0xff, 0xaa, 0x0, 0x0, 0x30, 0xff, 0xff, 0x68,
    0x30, 0xff, 0xff, 0x68, 0x0, 0x0, 0xb, 0x8f,
    0x90, 0x2e, 0x0, 0x0, 0x30, 0xff, 0xff, 0x68,
    0x30, 0xff, 0xff, 0x68, 0x0, 0x0, 0x0, 0x0,
    0x0, 0x0, 0x0, 0x0, 0x30, 0xff, 0xff, 0x68,
    0x30, 0xff, 0xff, 0x68, 0x0, 0x0, 0x0, 0x0,
    0x0, 0x0, 0x0, 0x0, 0x30, 0xff, 0xff, 0x68,

    /* U+004E "N" */
    0x30, 0xff, 0xff, 0x95, 0x0, 0x0, 0x0, 0x0,
    0x0, 0x0, 0x0, 0xf8, 0xff, 0xa4, 0x30, 0xff,
    0xff, 0xfe, 0x3a, 0x0, 0x0, 0x0, 0x0, 0x0,
    0x0, 0xf8, 0xff, 0xa4, 0x30, 0xff, 0xff, 0xff,
    0xd5, 0x6, 0x0, 0x0, 0x0, 0x0, 0x0, 0xf8,
    0xff, 0xa4, 0x30, 0xff, 0xff, 0xff, 0xff, 0x7f,
    0x0, 0x0, 0x0, 0x0, 0x0, 0xf8, 0xff, 0xa4,
    0x30, 0xff, 0xff, 0xfd, 0xff, 0xf9, 0x29, 0x0,
    0x0, 0x0, 0x0, 0xf8, 0xff, 0xa4, 0x30, 0xff,
    0xff, 0x94, 0xfa, 0xff, 0xc4, 0x1, 0x0, 0x0,
    0x0, 0xf8, 0xff, 0xa4, 0x30, 0xff, 0xff, 0x68,
    0x84, 0xff, 0xff, 0x69, 0x0, 0x0, 0x0, 0xf8,
    0xff, 0xa4, 0x30, 0xff, 0xff, 0x68, 0x7, 0xd8,
    0xff, 0xf1, 0x1b, 0x0, 0x0, 0xf8, 0xff, 0xa4,
    0x30, 0xff, 0xff, 0x68, 0x0, 0x3e, 0xfe, 0xff,
    0xb0, 0x0, 0x0, 0xf8, 0xff, 0xa4, 0x30, 0xff,
    0xff, 0x68, 0x0, 0x0, 0x9a, 0xff, 0xff, 0x53,
    0x0, 0xf8, 0xff, 0xa4, 0x30, 0xff, 0xff, 0x68,
    0x0, 0x0, 0xf, 0xe6, 0xff, 0xe6, 0x10, 0xf8,
    0xff, 0xa4, 0x30, 0xff, 0xff, 0x68, 0x0, 0x0,
    0x0, 0x53, 0xff, 0xff, 0x9a, 0xf8, 0xff, 0xa4,
    0x30, 0xff, 0xff, 0x68, 0x0, 0x0, 0x0, 0x0,
    0xaf, 0xff, 0xfe, 0xff, 0xff, 0xa4, 0x30, 0xff,
    0xff, 0x68, 0x0, 0x0, 0x0, 0x0, 0x1a, 0xf1,
    0xff, 0xff, 0xff, 0xa4, 0x30, 0xff, 0xff, 0x68,
    0x0, 0x0, 0x0, 0x0, 0x0, 0x69, 0xff, 0xff,
    0xff, 0xa4, 0x30, 0xff, 0xff, 0x68, 0x0, 0x0,
    0x0, 0x0, 0x0, 0x1, 0xc3, 0xff, 0xff, 0xa4,
    0x30, 0xff, 0xff, 0x68, 0x0, 0x0, 0x0, 0x0,
    0x0, 0x0, 0x29, 0xf8, 0xff, 0xa4,

    /* U+004F "O" */
    0x0, 0x0, 0x0, 0x49, 0xb7, 0xe3, 0xf6, 0xd8,
    0x99, 0x24, 0x0, 0x0, 0x0, 0x0, 0x7, 0xa5,
    0xff, 0xff, 0xff, 0xff, 0xff, 0xff, 0xf8, 0x5d,
    0x0, 0x0, 0x0, 0x9f, 0xff, 0xff, 0xf5, 0xa8,
    0x8f, 0xbf, 0xff, 0xff, 0xfe, 0x4c, 0x0, 0x2d,
    0xff, 0xff, 0xdc, 0x20, 0x0, 0x0, 0x0, 0x53,
    0xfc, 0xff, 0xe3, 0x4, 0x87, 0xff, 0xff, 0x47,
    0x0, 0x0, 0x0, 0x0, 0x0, 0x9a, 0xff, 0xff,
    0x38, 0xae, 0xff, 0xf5, 0x2, 0x0, 0x0, 0x0,
    0x0, 0x0, 0x4c, 0xff, 0xff, 0x5b, 0xb9, 0xff,
    0xdf, 0x0, 0x0, 0x0, 0x0, 0x0, 0x0, 0x34,
    0xff, 0xff, 0x68, 0xbe, 0xff, 0xd6, 0x0, 0x0,
    0x0, 0x0, 0x0, 0x0, 0x2b, 0xff, 0xff, 0x6d,
    0xc0, 0xff, 0xd4, 0x0, 0x0, 0x0, 0x0, 0x0,
    0x0, 0x29, 0xff, 0xff, 0x6f, 0xbe, 0xff, 0xd6,
    0x0, 0x0, 0x0, 0x0, 0x0, 0x0, 0x2b, 0xff,
    0xff, 0x6d, 0xb9, 0xff, 0xde, 0x0, 0x0, 0x0,
    0x0, 0x0, 0x0, 0x33, 0xff, 0xff, 0x68, 0xae,
    0xff, 0xf4, 0x1, 0x0, 0x0, 0x0, 0x0, 0x0,
    0x4a, 0xff, 0xff, 0x5b, 0x88, 0xff, 0xff, 0x44,
    0x0, 0x0, 0x0, 0x0, 0x0, 0x97, 0xff, 0xff,
    0x39, 0x2e, 0xff, 0xff, 0xdc, 0x1e, 0x0, 0x0,
    0x0, 0x51, 0xfc, 0xff, 0xe4, 0x4, 0x0, 0xa1,
    0xff, 0xff, 0xf3, 0xa6, 0x8f, 0xbd, 0xff, 0xff,
    0xff, 0x4f, 0x0, 0x0, 0x9, 0xab, 0xff, 0xff,
    0xff, 0xff, 0xff, 0xff, 0xfa, 0x64, 0x0, 0x0,
    0x0, 0x0, 0x1, 0x50, 0xba, 0xe5, 0xf7, 0xda,
    0x9d, 0x29, 0x0, 0x0, 0x0,

    /* U+0050 "P" */
    0x30, 0xff, 0xff, 0xff, 0xff, 0xff, 0xff, 0xf1,
    0xd4, 0x90, 0x17, 0x0, 0x0, 0x30, 0xff, 0xff,
    0xff, 0xff, 0xff, 0xff, 0xff, 0xff, 0xff, 0xec,
    0x35, 0x0, 0x30, 0xff, 0xff, 0xa3, 0x64, 0x64,
    0x64, 0x6e, 0xa9, 0xfd, 0xff, 0xe2, 0xc, 0x30,
    0xff, 0xff, 0x68, 0x0, 0x0, 0x0, 0x0, 0x0,
    0x69, 0xff, 0xff, 0x64, 0x30, 0xff, 0xff, 0x68,
    0x0, 0x0, 0x0, 0x0, 0x0, 0x4, 0xf6, 0xff,
    0x9e, 0x30, 0xff, 0xff, 0x68, 0x0, 0x0, 0x0,
    0x0, 0x0, 0x0, 0xf2, 0xff, 0xac, 0x30, 0xff,
    0xff, 0x68, 0x0, 0x0, 0x0, 0x0, 0x0, 0x41,
    0xff, 0xff, 0x84, 0x30, 0xff, 0xff, 0x68, 0x0,
    0x0, 0x0, 0xc, 0x49, 0xe3, 0xff, 0xfc, 0x26,
    0x30, 0xff, 0xff, 0xff, 0xff, 0xff, 0xff, 0xff,
    0xff, 0xff, 0xff, 0x7f, 0x0, 0x30, 0xff, 0xff,
    0xff, 0xff, 0xff, 0xff, 0xff, 0xff, 0xf5, 0x78,
    0x0, 0x0, 0x30, 0xff, 0xff, 0xa3, 0x64, 0x64,
    0x64, 0x5f, 0x47, 0xc, 0x0, 0x0, 0x0, 0x30,
    0xff, 0xff, 0x68, 0x0, 0x0, 0x0, 0x0, 0x0,
    0x0, 0x0, 0x0, 0x0, 0x30, 0xff, 0xff, 0x68,
    0x0, 0x0, 0x0, 0x0, 0x0, 0x0, 0x0, 0x0,
    0x0, 0x30, 0xff, 0xff, 0x68, 0x0, 0x0, 0x0,
    0x0, 0x0, 0x0, 0x0, 0x0, 0x0, 0x30, 0xff,
    0xff, 0x68, 0x0, 0x0, 0x0, 0x0, 0x0, 0x0,
    0x0, 0x0, 0x0, 0x30, 0xff, 0xff, 0x68, 0x0,
    0x0, 0x0, 0x0, 0x0, 0x0, 0x0, 0x0, 0x0,
    0x30, 0xff, 0xff, 0x68, 0x0, 0x0, 0x0, 0x0,
    0x0, 0x0, 0x0, 0x0, 0x0,

    /* U+0051 "Q" */
    0x0, 0x0, 0x0, 0x49, 0xb7, 0xe3, 0xf6, 0xd8,
    0x99, 0x24, 0x0, 0x0, 0x0, 0x0, 0x0, 0x0,
    0x7, 0xa5, 0xff, 0xff, 0xff, 0xff, 0xff, 0xff,
    0xf8, 0x5e, 0x0, 0x0, 0x0, 0x0, 0x0, 0x9f,
    0xff, 0xff, 0xf5, 0xa8, 0x8f, 0xbf, 0xff, 0xff,
    0xfe, 0x4f, 0x0, 0x0, 0x0, 0x2d, 0xff, 0xff,
    0xdc, 0x20, 0x0, 0x0, 0x0, 0x53, 0xfc, 0xff,
    0xe4, 0x4, 0x0, 0x0, 0x87, 0xff, 0xff, 0x47,
    0x0, 0x0, 0x0, 0x0, 0x0, 0x9a, 0xff, 0xff,
    0x38, 0x0, 0x0, 0xae, 0xff, 0xf5, 0x2, 0x0,
    0x0, 0x0, 0x0, 0x0, 0x4c, 0xff, 0xff, 0x5b,
    0x0, 0x0, 0xb9, 0xff, 0xdf, 0x0, 0x0, 0x0,
    0x0, 0x0, 0x0, 0x34, 0xff, 0xff, 0x68, 0x0,
    0x0, 0xbe, 0xff, 0xd6, 0x0, 0x0, 0x0, 0x0,
    0x0, 0x0, 0x2b, 0xff, 0xff, 0x6d, 0x0, 0x0,
    0xc0, 0xff, 0xd4, 0x0, 0x0, 0x0, 0x0, 0x0,
    0x0, 0x29, 0xff, 0xff, 0x6f, 0x0, 0x0, 0xbe,
    0xff, 0xd6, 0x0, 0x0, 0x0, 0x0, 0x0, 0x0,
    0x2b, 0xff, 0xff, 0x6d, 0x0, 0x0, 0xb9, 0xff,
    0xde, 0x0, 0x0, 0x0, 0x0, 0x49, 0x9, 0x35,
    0xff, 0xff, 0x68, 0x0, 0x0, 0xae, 0xff, 0xf4,
    0x1, 0x0, 0x0, 0x52, 0xfd, 0xd1, 0x72, 0xff,
    0xff, 0x5a, 0x0, 0x0, 0x88, 0xff, 0xff, 0x44,
    0x0, 0x0, 0x7d, 0xfe, 0xff, 0xff, 0xff, 0xff,
    0x37, 0x0, 0x0, 0x2e, 0xff, 0xff, 0xdc, 0x1e,
    0x0, 0x0, 0x4d, 0xf4, 0xff, 0xff, 0xf1, 0x6,
    0x0, 0x0, 0x0, 0xa1, 0xff, 0xff, 0xf3, 0xa6,
    0x91, 0xc2, 0xff, 0xff, 0xff, 0xff, 0xb8, 0x12,
    0x0, 0x0, 0x9, 0xab, 0xff, 0xff, 0xff, 0xff,
    0xff, 0xff, 0xf4, 0xbd, 0xff, 0xff, 0xcc, 0x1,
    0x0, 0x0, 0x1, 0x50, 0xba, 0xe5, 0xf9, 0xe1,
    0x9a, 0x1c, 0x0, 0x6e, 0xf1, 0x39, 0x0, 0x0,
    0x0, 0x0, 0x0, 0x0, 0x0, 0x0, 0x0, 0x0,
    0x0, 0x0, 0x0, 0xf, 0x0, 0x0,

    /* U+0052 "R" */
    0x30, 0xff, 0xff, 0xff, 0xff, 0xff, 0xff, 0xfd,
    0xe8, 0xab, 0x31, 0x0, 0x0, 0x0, 0x30, 0xff,
    0xff, 0xff, 0xff, 0xff, 0xff, 0xff, 0xff, 0xff,
    0xfa, 0x4d, 0x0, 0x0, 0x30, 0xff, 0xff, 0x8e,
    0x40, 0x40, 0x40, 0x45, 0x6e, 0xe3, 0xff, 0xee,
    0x13, 0x0, 0x30, 0xff, 0xff, 0x68, 0x0, 0x0,
    0x0, 0x0, 0x0, 0x29, 0xfc, 0xff, 0x70, 0x0,
    0x30, 0xff, 0xff, 0x68, 0x0, 0x0, 0x0, 0x0,
    0x0, 0x0, 0xd6, 0xff, 0xa0, 0x0, 0x30, 0xff,
    0xff, 0x68, 0x0, 0x0, 0x0, 0x0, 0x0, 0x0,
    0xdf, 0xff, 0x96, 0x0, 0x30, 0xff, 0xff, 0x68,
    0x0, 0x0, 0x0, 0x0, 0x0, 0x46, 0xff, 0xff,
    0x66, 0x0, 0x30, 0xff, 0xff, 0x8e, 0x40, 0x40,
    0x40, 0x49, 0x7d, 0xf5, 0xff, 0xea, 0xa, 0x0,
    0x30, 0xff, 0xff, 0xff, 0xff, 0xff, 0xff, 0xff,
    0xff, 0xff, 0xf5, 0x3b, 0x0, 0x0, 0x30, 0xff,
    0xff, 0xff, 0xff, 0xff, 0xff, 0xff, 0xff, 0xbb,
    0x22, 0x0, 0x0, 0x0, 0x30, 0xff, 0xff, 0x68,
    0x0, 0x0, 0x14, 0xf3, 0xff, 0xc8, 0x0, 0x0,
    0x0, 0x0, 0x30, 0xff, 0xff, 0x68, 0x0, 0x0,
    0x0, 0x86, 0xff, 0xff, 0x54, 0x0, 0x0, 0x0,
    0x30, 0xff, 0xff, 0x68, 0x0, 0x0, 0x0, 0x13,
    0xf2, 0xff, 0xda, 0x4, 0x0, 0x0, 0x30, 0xff,
    0xff, 0x68, 0x0, 0x0, 0x0, 0x0, 0x84, 0xff,
    0xff, 0x6b, 0x0, 0x0, 0x30, 0xff, 0xff, 0x68,
    0x0, 0x0, 0x0, 0x0, 0x11, 0xf1, 0xff, 0xe9,
    0xd, 0x0, 0x30, 0xff, 0xff, 0x68, 0x0, 0x0,
    0x0, 0x0, 0x0, 0x82, 0xff, 0xff, 0x82, 0x0,
    0x30, 0xff, 0xff, 0x68, 0x0, 0x0, 0x0, 0x0,
    0x0, 0x10, 0xf0, 0xff, 0xf4, 0x19,

    /* U+0053 "S" */
    0x0, 0x0, 0x0, 0x31, 0xa3, 0xe1, 0xf9, 0xf1,
    0xd2, 0x91, 0x34, 0x0, 0x0, 0x0, 0x0, 0x60,
    0xfb, 0xff, 0xff, 0xff, 0xff, 0xff, 0xff, 0xff,
    0xbd, 0x1b, 0x0, 0x27, 0xfb, 0xff, 0xff, 0xc0,
    0x91, 0x99, 0xcb, 0xff, 0xff, 0xcd, 0x5, 0x0,
    0x8c, 0xff, 0xff, 0x5b, 0x0, 0x0, 0x0, 0x0,
    0x2c, 0x9e, 0x29, 0x0, 0x0, 0xb6, 0xff, 0xe9,
    0x0, 0x0, 0x0, 0x0, 0x0, 0x0, 0x0, 0x0,
    0x0, 0x0, 0xb2, 0xff, 0xf0, 0x9, 0x0, 0x0,
    0x0, 0x0, 0x0, 0x0, 0x0, 0x0, 0x0, 0x76,
    0xff, 0xff, 0xb0, 0x23, 0x0, 0x0, 0x0, 0x0,
    0x0, 0x0, 0x0, 0x0, 0x10, 0xe3, 0xff, 0xff,
    0xff, 0xe7, 0xc2, 0x9b, 0x60, 0xc, 0x0, 0x0,
    0x0, 0x0, 0x29, 0xd5, 0xff, 0xff, 0xff, 0xff,
    0xff, 0xff, 0xe6, 0x3a, 0x0, 0x0, 0x0, 0x0,
    0x4, 0x4a, 0x89, 0xb0, 0xd2, 0xf8, 0xff, 0xff,
    0xee, 0x19, 0x0, 0x0, 0x0, 0x0, 0x0, 0x0,
    0x0, 0x0, 0x9, 0x7f, 0xff, 0xff, 0x8a, 0x0,
    0x0, 0x0, 0x0, 0x0, 0x0, 0x0, 0x0, 0x0,
    0x0, 0xda, 0xff, 0xca, 0x0, 0x2, 0xa, 0x0,
    0x0, 0x0, 0x0, 0x0, 0x0, 0x0, 0xd2, 0xff,
    0xd2, 0x0, 0x97, 0xdc, 0x53, 0x2, 0x0, 0x0,
    0x0, 0x0, 0x5a, 0xfe, 0xff, 0xa8, 0x64, 0xff,
    0xff, 0xff, 0xe9, 0xac, 0x90, 0x99, 0xca, 0xff,
    0xff, 0xff, 0x40, 0x5, 0x85, 0xf7, 0xff, 0xff,
    0xff, 0xff, 0xff, 0xff, 0xff, 0xfb, 0x6f, 0x0,
    0x0, 0x0, 0x16, 0x76, 0xba, 0xe4, 0xf8, 0xf6,
    0xd9, 0x99, 0x2d, 0x0, 0x0,

    /* U+0054 "T" */
    0xf4, 0xff, 0xff, 0xff, 0xff, 0xff, 0xff, 0xff,
    0xff, 0xff, 0xff, 0xfc, 0xf4, 0xff, 0xff, 0xff,
    0xff, 0xff, 0xff, 0xff, 0xff, 0xff, 0xff, 0xfc,
    0x3d, 0x40, 0x40, 0x40, 0x76, 0xff, 0xff, 0x7c,
    0x40, 0x40, 0x40, 0x3f, 0x0, 0x0, 0x0, 0x0,
    0x48, 0xff, 0xff, 0x50, 0x0, 0x0, 0x0, 0x0,
    0x0, 0x0, 0x0, 0x0, 0x48, 0xff, 0xff, 0x50,
    0x0, 0x0, 0x0, 0x0, 0x0, 0x0, 0x0, 0x0,
    0x48, 0xff, 0xff, 0x50, 0x0, 0x0, 0x0, 0x0,
    0x0, 0x0, 0x0, 0x0, 0x48, 0xff, 0xff, 0x50,
    0x0, 0x0, 0x0, 0x0, 0x0, 0x0, 0x0, 0x0,
    0x48, 0xff, 0xff, 0x50, 0x0, 0x0, 0x0, 0x0,
    0x0, 0x0, 0x0, 0x0, 0x48, 0xff, 0xff, 0x50,
    0x0, 0x0, 0x0, 0x0, 0x0, 0x0, 0x0, 0x0,
    0x48, 0xff, 0xff, 0x50, 0x0, 0x0, 0x0, 0x0,
    0x0, 0x0, 0x0, 0x0, 0x48, 0xff, 0xff, 0x50,
    0x0, 0x0, 0x0, 0x0, 0x0, 0x0, 0x0, 0x0,
    0x48, 0xff, 0xff, 0x50, 0x0, 0x0, 0x0, 0x0,
    0x0, 0x0, 0x0, 0x0, 0x48, 0xff, 0xff, 0x50,
    0x0, 0x0, 0x0, 0x0, 0x0, 0x0, 0x0, 0x0,
    0x48, 0xff, 0xff, 0x50, 0x0, 0x0, 0x0, 0x0,
    0x0, 0x0, 0x0, 0x0, 0x48, 0xff, 0xff, 0x50,
    0x0, 0x0, 0x0, 0x0, 0x0, 0x0, 0x0, 0x0,
    0x48, 0xff, 0xff, 0x50, 0x0, 0x0, 0x0, 0x0,
    0x0, 0x0, 0x0, 0x0, 0x48, 0xff, 0xff, 0x50,
    0x0, 0x0, 0x0, 0x0,

    /* U+0055 "U" */
    0x7c, 0xff, 0xff, 0x1c, 0x0, 0x0, 0x0, 0x0,
    0x0, 0x0, 0xf0, 0xff, 0xa8, 0x7c, 0xff, 0xff,
    0x1c, 0x0, 0x0, 0x0, 0x0, 0x0, 0x0, 0xf0,
    0xff, 0xa8, 0x7c, 0xff, 0xff, 0x1c, 0x0, 0x0,
    0x0, 0x0, 0x0, 0x0, 0xf0, 0xff, 0xa8, 0x7c,
    0xff, 0xff, 0x1c, 0x0, 0x0, 0x0, 0x0, 0x0,
    0x0, 0xf0, 0xff, 0xa8, 0x7c, 0xff, 0xff, 0x1c,
    0x0, 0x0, 0x0, 0x0, 0x0, 0x0, 0xf0, 0xff,
    0xa8, 0x7c, 0xff, 0xff, 0x1c, 0x0, 0x0, 0x0,
    0x0, 0x0, 0x0, 0xf0, 0xff, 0xa8, 0x7c, 0xff,
    0xff, 0x1c, 0x0, 0x0, 0x0, 0x0, 0x0, 0x0,
    0xf0, 0xff, 0xa8, 0x7c, 0xff, 0xff, 0x1c, 0x0,
    0x0, 0x0, 0x0, 0x0, 0x0, 0xf0, 0xff, 0xa8,
    0x7c, 0xff, 0xff, 0x1c, 0x0, 0x0, 0x0, 0x0,
    0x0, 0x0, 0xf0, 0xff, 0xa8, 0x7c, 0xff, 0xff,
    0x1c, 0x0, 0x0, 0x0, 0x0, 0x0, 0x0, 0xf0,
    0xff, 0xa8, 0x7c, 0xff, 0xff, 0x1c, 0x0, 0x0,
    0x0, 0x0, 0x0, 0x0, 0xf0, 0xff, 0xa8, 0x74,
    0xff, 0xff, 0x35, 0x0, 0x0, 0x0, 0x0, 0x0,
    0xb, 0xfe, 0xff, 0x9f, 0x55, 0xff, 0xff, 0x74,
    0x0, 0x0, 0x0, 0x0, 0x0, 0x49, 0xff, 0xff,
    0x7f, 0x11, 0xf5, 0xff, 0xf3, 0x39, 0x0, 0x0,
    0x0, 0x23, 0xdd, 0xff, 0xff, 0x32, 0x0, 0x7a,
    0xff, 0xff, 0xfd, 0xb9, 0x93, 0xaf, 0xf7, 0xff,
    0xff, 0xa3, 0x0, 0x0, 0x0, 0x8e, 0xff, 0xff,
    0xff, 0xff, 0xff, 0xff, 0xff, 0xae, 0x8, 0x0,
    0x0, 0x0, 0x0, 0x3d, 0xaa, 0xe7, 0xfb, 0xec,
    0xb6, 0x51, 0x0, 0x0, 0x0,

    /* U+0056 "V" */
    0xca, 0xff, 0xeb, 0x2, 0x0, 0x0, 0x0, 0x0,
    0x0, 0x0, 0x8b, 0xff, 0xff, 0x2d, 0x75, 0xff,
    0xff, 0x3a, 0x0, 0x0, 0x0, 0x0, 0x0, 0x0,
    0xd7, 0xff, 0xd8, 0x0, 0x20, 0xff, 0xff, 0x87,
    0x0, 0x0, 0x0, 0x0, 0x0, 0x24, 0xff, 0xff,
    0x83, 0x0, 0x0, 0xcb, 0xff, 0xd4, 0x0, 0x0,
    0x0, 0x0, 0x0, 0x71, 0xff, 0xff, 0x2e, 0x0,
    0x0, 0x76, 0xff, 0xff, 0x22, 0x0, 0x0, 0x0,
    0x0, 0xbe, 0xff, 0xd9, 0x0, 0x0, 0x0, 0x21,
    0xff, 0xff, 0x6e, 0x0, 0x0, 0x0, 0x10, 0xfb,
    0xff, 0x84, 0x0, 0x0, 0x0, 0x0, 0xcc, 0xff,
    0xbb, 0x0, 0x0, 0x0, 0x58, 0xff, 0xff, 0x2f,
    0x0, 0x0, 0x0, 0x0, 0x77, 0xff, 0xfa, 0xe,
    0x0, 0x0, 0xa5, 0xff, 0xda, 0x0, 0x0, 0x0,
    0x0, 0x0, 0x22, 0xff, 0xff, 0x55, 0x0, 0x4,
    0xee, 0xff, 0x85, 0x0, 0x0, 0x0, 0x0, 0x0,
    0x0, 0xcd, 0xff, 0xa2, 0x0, 0x3f, 0xff, 0xff,
    0x30, 0x0, 0x0, 0x0, 0x0, 0x0, 0x0, 0x78,
    0xff, 0xec, 0x3, 0x8c, 0xff, 0xdb, 0x0, 0x0,
    0x0, 0x0, 0x0, 0x0, 0x0, 0x23, 0xff, 0xff,
    0x3c, 0xd9, 0xff, 0x86, 0x0, 0x0, 0x0, 0x0,
    0x0, 0x0, 0x0, 0x0, 0xce, 0xff, 0xb0, 0xff,
    0xff, 0x31, 0x0, 0x0, 0x0, 0x0, 0x0, 0x0,
    0x0, 0x0, 0x79, 0xff, 0xff, 0xff, 0xdc, 0x0,
    0x0, 0x0, 0x0, 0x0, 0x0, 0x0, 0x0, 0x0,
    0x24, 0xff, 0xff, 0xff, 0x87, 0x0, 0x0, 0x0,
    0x0, 0x0, 0x0, 0x0, 0x0, 0x0, 0x0, 0xcf,
    0xff, 0xff, 0x32, 0x0, 0x0, 0x0, 0x0, 0x0,
    0x0, 0x0, 0x0, 0x0, 0x0, 0x7a, 0xff, 0xde,
    0x0, 0x0, 0x0, 0x0, 0x0, 0x0,

    /* U+0057 "W" */
    0x98, 0xff, 0xff, 0x23, 0x0, 0x0, 0x0, 0x0,
    0x12, 0xfd, 0xfe, 0x14, 0x0, 0x0, 0x0, 0x0,
    0x21, 0xff, 0xff, 0x97, 0x58, 0xff, 0xff, 0x5c,
    0x0, 0x0, 0x0, 0x0, 0x56, 0xff, 0xff, 0x59,
    0x0, 0x0, 0x0, 0x0, 0x59, 0xff, 0xff, 0x57,
    0x17, 0xff, 0xff, 0x95, 0x0, 0x0, 0x0, 0x0,
    0x9c, 0xff, 0xff, 0x9f, 0x0, 0x0, 0x0, 0x0,
    0x92, 0xff, 0xff, 0x17, 0x0, 0xd7, 0xff, 0xcd,
    0x0, 0x0, 0x0, 0x0, 0xe2, 0xff, 0xff, 0xe4,
    0x0, 0x0, 0x0, 0x0, 0xcb, 0xff, 0xd7, 0x0,
    0x0, 0x96, 0xff, 0xfb, 0xa, 0x0, 0x0, 0x29,
    0xff, 0xfb, 0xfc, 0xff, 0x2b, 0x0, 0x0, 0x9,
    0xfa, 0xff, 0x96, 0x0, 0x0, 0x56, 0xff, 0xff,
    0x3e, 0x0, 0x0, 0x70, 0xff, 0xc5, 0xc9, 0xff,
    0x71, 0x0, 0x0, 0x3d, 0xff, 0xff, 0x56, 0x0,
    0x0, 0x16, 0xff, 0xff, 0x77, 0x0, 0x0, 0xb6,
    0xff, 0x81, 0x84, 0xff, 0xb7, 0x0, 0x0, 0x76,
    0xff, 0xff, 0x16, 0x0, 0x0, 0x0, 0xd5, 0xff,
    0xaf, 0x0, 0x7, 0xf5, 0xff, 0x3d, 0x40, 0xff,
    0xf5, 0x7, 0x0, 0xaf, 0xff, 0xd6, 0x0, 0x0,
    0x0, 0x0, 0x94, 0xff, 0xe8, 0x0, 0x43, 0xff,
    0xf3, 0x5, 0x6, 0xf4, 0xff, 0x43, 0x0, 0xe7,
    0xff, 0x95, 0x0, 0x0, 0x0, 0x0, 0x54, 0xff,
    0xff, 0x21, 0x8a, 0xff, 0xb5, 0x0, 0x0, 0xb7,
    0xff, 0x8a, 0x21, 0xff, 0xff, 0x55, 0x0, 0x0,
    0x0, 0x0, 0x14, 0xfe, 0xff, 0x59, 0xd0, 0xff,
    0x71, 0x0, 0x0, 0x72, 0xff, 0xd0, 0x59, 0xff,
    0xff, 0x16, 0x0, 0x0, 0x0, 0x0, 0x0, 0xd3,
    0xff, 0xa9, 0xfe, 0xff, 0x2d, 0x0, 0x0, 0x2d,
    0xff, 0xfe, 0xa9, 0xff, 0xd5, 0x0, 0x0, 0x0,
    0x0, 0x0, 0x0, 0x92, 0xff, 0xfe, 0xff, 0xe8,
    0x0, 0x0, 0x0, 0x0, 0xe8, 0xff, 0xfe, 0xff,
    0x94, 0x0, 0x0, 0x0, 0x0, 0x0, 0x0, 0x52,
    0xff, 0xff, 0xff, 0xa5, 0x0, 0x0, 0x0, 0x0,
    0xa4, 0xff, 0xff, 0xff, 0x54, 0x0, 0x0, 0x0,
    0x0, 0x0, 0x0, 0x13, 0xfe, 0xff, 0xff, 0x61,
    0x0, 0x0, 0x0, 0x0, 0x60, 0xff, 0xff, 0xfe,
    0x15, 0x0, 0x0, 0x0, 0x0, 0x0, 0x0, 0x0,
    0xd1, 0xff, 0xff, 0x1d, 0x0, 0x0, 0x0, 0x0,
    0x1b, 0xff, 0xff, 0xd4, 0x0, 0x0, 0x0, 0x0,
    0x0, 0x0, 0x0, 0x0, 0x90, 0xff, 0xd9, 0x0,
    0x0, 0x0, 0x0, 0x0, 0x0, 0xd6, 0xff, 0x94,
    0x0, 0x0, 0x0, 0x0,

    /* U+0058 "X" */
    0x0, 0x95, 0xff, 0xff, 0x55, 0x0, 0x0, 0x0,
    0x0, 0x0, 0x6f, 0xff, 0xff, 0x7b, 0x0, 0x0,
    0x11, 0xeb, 0xff, 0xe0, 0x9, 0x0, 0x0, 0x0,
    0x13, 0xee, 0xff, 0xdd, 0x7, 0x0, 0x0, 0x0,
    0x66, 0xff, 0xff, 0x7e, 0x0, 0x0, 0x0, 0x97,
    0xff, 0xff, 0x4d, 0x0, 0x0, 0x0, 0x0, 0x2,
    0xcc, 0xff, 0xf5, 0x1c, 0x0, 0x2d, 0xfc, 0xff,
    0xb6, 0x0, 0x0, 0x0, 0x0, 0x0, 0x0, 0x39,
    0xfe, 0xff, 0xa6, 0x0, 0xbe, 0xff, 0xf9, 0x26,
    0x0, 0x0, 0x0, 0x0, 0x0, 0x0, 0x0, 0xa1,
    0xff, 0xff, 0x8b, 0xff, 0xff, 0x88, 0x0, 0x0,
    0x0, 0x0, 0x0, 0x0, 0x0, 0x0, 0x17, 0xf1,
    0xff, 0xff, 0xff, 0xe4, 0xc, 0x0, 0x0, 0x0,
    0x0, 0x0, 0x0, 0x0, 0x0, 0x0, 0x72, 0xff,
    0xff, 0xff, 0x59, 0x0, 0x0, 0x0, 0x0, 0x0,
    0x0, 0x0, 0x0, 0x0, 0x0, 0x2a, 0xff, 0xff,
    0xfa, 0x16, 0x0, 0x0, 0x0, 0x0, 0x0, 0x0,
    0x0, 0x0, 0x0, 0x0, 0xb7, 0xff, 0xff, 0xff,
    0x9f, 0x0, 0x0, 0x0, 0x0, 0x0, 0x0, 0x0,
    0x0, 0x0, 0x51, 0xff, 0xff, 0xef, 0xff, 0xfe,
    0x39, 0x0, 0x0, 0x0, 0x0, 0x0, 0x0, 0x0,
    0xa, 0xe0, 0xff, 0xe7, 0x29, 0xf3, 0xff, 0xce,
    0x3, 0x0, 0x0, 0x0, 0x0, 0x0, 0x0, 0x85,
    0xff, 0xff, 0x5e, 0x0, 0x77, 0xff, 0xff, 0x6c,
    0x0, 0x0, 0x0, 0x0, 0x0, 0x25, 0xf8, 0xff,
    0xc5, 0x1, 0x0, 0x6, 0xd9, 0xff, 0xef, 0x16,
    0x0, 0x0, 0x0, 0x0, 0xb7, 0xff, 0xfd, 0x31,
    0x0, 0x0, 0x0, 0x47, 0xff, 0xff, 0x9f, 0x0,
    0x0, 0x0, 0x52, 0xff, 0xff, 0x97, 0x0, 0x0,
    0x0, 0x0, 0x0, 0xb0, 0xff, 0xfe, 0x3a, 0x0,
    0xa, 0xe1, 0xff, 0xed, 0x12, 0x0, 0x0, 0x0,
    0x0, 0x0, 0x21, 0xf7, 0xff, 0xcf, 0x3,

    /* U+0059 "Y" */
    0x1b, 0xf7, 0xff, 0xa1, 0x0, 0x0, 0x0, 0x0,
    0x0, 0x0, 0x9a, 0xff, 0xfb, 0x22, 0x0, 0x90,
    0xff, 0xfb, 0x21, 0x0, 0x0, 0x0, 0x0, 0x1a,
    0xf9, 0xff, 0x9b, 0x0, 0x0, 0x17, 0xf5, 0xff,
    0x98, 0x0, 0x0, 0x0, 0x0, 0x8e, 0xff, 0xf9,
    0x1e, 0x0, 0x0, 0x0, 0x8a, 0xff, 0xf8, 0x1a,
    0x0, 0x0, 0x13, 0xf4, 0xff, 0x95, 0x0, 0x0,
    0x0, 0x0, 0x14, 0xf2, 0xff, 0x8f, 0x0, 0x0,
    0x83, 0xff, 0xf7, 0x1b, 0x0, 0x0, 0x0, 0x0,
    0x0, 0x84, 0xff, 0xf5, 0x15, 0xe, 0xef, 0xff,
    0x8f, 0x0, 0x0, 0x0, 0x0, 0x0, 0x0, 0x11,
    0xf0, 0xff, 0x86, 0x78, 0xff, 0xf5, 0x17, 0x0,
    0x0, 0x0, 0x0, 0x0, 0x0, 0x0, 0x7e, 0xff,
    0xf1, 0xe9, 0xff, 0x89, 0x0, 0x0, 0x0, 0x0,
    0x0, 0x0, 0x0, 0x0, 0xe, 0xed, 0xff, 0xff,
    0xf2, 0x13, 0x0, 0x0, 0x0, 0x0, 0x0, 0x0,
    0x0, 0x0, 0x0, 0x78, 0xff, 0xff, 0x83, 0x0,
    0x0, 0x0, 0x0, 0x0, 0x0, 0x0, 0x0, 0x0,
    0x0, 0x34, 0xff, 0xff, 0x40, 0x0, 0x0, 0x0,
    0x0, 0x0, 0x0, 0x0, 0x0, 0x0, 0x0, 0x34,
    0xff, 0xff, 0x40, 0x0, 0x0, 0x0, 0x0, 0x0,
    0x0, 0x0, 0x0, 0x0, 0x0, 0x34, 0xff, 0xff,
    0x40, 0x0, 0x0, 0x0, 0x0, 0x0, 0x0, 0x0,
    0x0, 0x0, 0x0, 0x34, 0xff, 0xff, 0x40, 0x0,
    0x0, 0x0, 0x0, 0x0, 0x0, 0x0, 0x0, 0x0,
    0x0, 0x34, 0xff, 0xff, 0x40, 0x0, 0x0, 0x0,
    0x0, 0x0, 0x0, 0x0, 0x0, 0x0, 0x0, 0x34,
    0xff, 0xff, 0x40, 0x0, 0x0, 0x0, 0x0, 0x0,
    0x0, 0x0, 0x0, 0x0, 0x0, 0x34, 0xff, 0xff,
    0x40, 0x0, 0x0, 0x0, 0x0, 0x0,

    /* U+005A "Z" */
    0x0, 0xe4, 0xff, 0xff, 0xff, 0xff, 0xff, 0xff,
    0xff, 0xff, 0xff, 0xb4, 0x0, 0xe4, 0xff, 0xff,
    0xff, 0xff, 0xff, 0xff, 0xff, 0xff, 0xff, 0xb3,
    0x0, 0x39, 0x40, 0x40, 0x40, 0x40, 0x40, 0x40,
    0xc3, 0xff, 0xff, 0x56, 0x0, 0x0, 0x0, 0x0,
    0x0, 0x0, 0x0, 0x3a, 0xfe, 0xff, 0xb9, 0x0,
    0x0, 0x0, 0x0, 0x0, 0x0, 0x0, 0x4, 0xd1,
    0xff, 0xf8, 0x24, 0x0, 0x0, 0x0, 0x0, 0x0,
    0x0, 0x0, 0x73, 0xff, 0xff, 0x80, 0x0, 0x0,
    0x0, 0x0, 0x0, 0x0, 0x0, 0x1c, 0xf3, 0xff,
    0xdb, 0x8, 0x0, 0x0, 0x0, 0x0, 0x0, 0x0,
    0x0, 0xae, 0xff, 0xff, 0x47, 0x0, 0x0, 0x0,
    0x0, 0x0, 0x0, 0x0, 0x4a, 0xff, 0xff, 0xa9,
    0x0, 0x0, 0x0, 0x0, 0x0, 0x0, 0x0, 0x9,
    0xde, 0xff, 0xf2, 0x1a, 0x0, 0x0, 0x0, 0x0,
    0x0, 0x0, 0x0, 0x86, 0xff, 0xff, 0x6f, 0x0,
    0x0, 0x0, 0x0, 0x0, 0x0, 0x0, 0x28, 0xf9,
    0xff, 0xcf, 0x3, 0x0, 0x0, 0x0, 0x0, 0x0,
    0x0, 0x0, 0xbf, 0xff, 0xfe, 0x38, 0x0, 0x0,
    0x0, 0x0, 0x0, 0x0, 0x0, 0x5d, 0xff, 0xff,
    0x99, 0x0, 0x0, 0x0, 0x0, 0x0, 0x0, 0x0,
    0x10, 0xe9, 0xff, 0xfe, 0x76, 0x64, 0x64, 0x64,
    0x64, 0x64, 0x64, 0x46, 0x38, 0xff, 0xff, 0xff,
    0xff, 0xff, 0xff, 0xff, 0xff, 0xff, 0xff, 0xb4,
    0x38, 0xff, 0xff, 0xff, 0xff, 0xff, 0xff, 0xff,
    0xff, 0xff, 0xff, 0xb4,

    /* U+005B "[" */
    0x40, 0xff, 0xff, 0xff, 0xff, 0x30, 0x40, 0xff,
    0xf5, 0x8c, 0x8c, 0x1a, 0x40, 0xff, 0xe8, 0x0,
    0x0, 0x0, 0x40, 0xff, 0xe8, 0x0, 0x0, 0x0,
    0x40, 0xff, 0xe8, 0x0, 0x0, 0x0, 0x40, 0xff,
    0xe8, 0x0, 0x0, 0x0, 0x40, 0xff, 0xe8, 0x0,
    0x0, 0x0, 0x40, 0xff, 0xe8, 0x0, 0x0, 0x0,
    0x40, 0xff, 0xe8, 0x0, 0x0, 0x0, 0x40, 0xff,
    0xe8, 0x0, 0x0, 0x0, 0x40, 0xff, 0xe8, 0x0,
    0x0, 0x0, 0x40, 0xff, 0xe8, 0x0, 0x0, 0x0,
    0x40, 0xff, 0xe8, 0x0, 0x0, 0x0, 0x40, 0xff,
    0xe8, 0x0, 0x0, 0x0, 0x40, 0xff, 0xe8, 0x0,
    0x0, 0x0, 0x40, 0xff, 0xe8, 0x0, 0x0, 0x0,
    0x40, 0xff, 0xe8, 0x0, 0x0, 0x0, 0x40, 0xff,
    0xf5, 0x8c, 0x8c, 0x1a, 0x40, 0xff, 0xff, 0xff,
    0xff, 0x30,

    /* U+005C "\\" */
    0x57, 0xff, 0x79, 0x0, 0x0, 0x0, 0x0, 0x0,
    0xb, 0xf6, 0xcd, 0x0, 0x0, 0x0, 0x0, 0x0,
    0x0, 0xaf, 0xff, 0x21, 0x0, 0x0, 0x0, 0x0,
    0x0, 0x5b, 0xff, 0x75, 0x0, 0x0, 0x0, 0x0,
    0x0, 0xe, 0xf8, 0xc8, 0x0, 0x0, 0x0, 0x0,
    0x0, 0x0, 0xb4, 0xfe, 0x1d, 0x0, 0x0, 0x0,
    0x0, 0x0, 0x60, 0xff, 0x70, 0x0, 0x0, 0x0,
    0x0, 0x0, 0x11, 0xfa, 0xc4, 0x0, 0x0, 0x0,
    0x0, 0x0, 0x0, 0xb8, 0xfe, 0x19, 0x0, 0x0,
    0x0, 0x0, 0x0, 0x65, 0xff, 0x6b, 0x0, 0x0,
    0x0, 0x0, 0x0, 0x14, 0xfc, 0xbf, 0x0, 0x0,
    0x0, 0x0, 0x0, 0x0, 0xbd, 0xfc, 0x16, 0x0,
    0x0, 0x0, 0x0, 0x0, 0x69, 0xff, 0x66, 0x0,
    0x0, 0x0, 0x0, 0x0, 0x18, 0xfd, 0xba, 0x0,
    0x0, 0x0, 0x0, 0x0, 0x0, 0xc2, 0xfb, 0x12,
    0x0, 0x0, 0x0, 0x0, 0x0, 0x6e, 0xff, 0x62,
    0x0, 0x0, 0x0, 0x0, 0x0, 0x1b, 0xfe, 0xb6,

    /* U+005D "]" */
    0x78, 0xff, 0xff, 0xff, 0xf8, 0x41, 0x8c, 0xa3,
    0xff, 0xf8, 0x0, 0x0, 0x34, 0xff, 0xf8, 0x0,
    0x0, 0x34, 0xff, 0xf8, 0x0, 0x0, 0x34, 0xff,
    0xf8, 0x0, 0x0, 0x34, 0xff, 0xf8, 0x0, 0x0,
    0x34, 0xff, 0xf8, 0x0, 0x0, 0x34, 0xff, 0xf8,
    0x0, 0x0, 0x34, 0xff, 0xf8, 0x0, 0x0, 0x34,
    0xff, 0xf8, 0x0, 0x0, 0x34, 0xff, 0xf8, 0x0,
    0x0, 0x34, 0xff, 0xf8, 0x0, 0x0, 0x34, 0xff,
    0xf8, 0x0, 0x0, 0x34, 0xff, 0xf8, 0x0, 0x0,
    0x34, 0xff, 0xf8, 0x0, 0x0, 0x34, 0xff, 0xf8,
    0x0, 0x0, 0x34, 0xff, 0xf8, 0x41, 0x8c, 0xa3,
    0xff, 0xf8, 0x78, 0xff, 0xff, 0xff, 0xf8,

    /* U+005E "^" */
    0x0, 0x0, 0x0, 0x0, 0x0, 0x71, 0xff, 0x98,
    0x0, 0x0, 0x0, 0x0, 0x0, 0x0, 0x0, 0x0,
    0x0, 0xa, 0xe8, 0xff, 0xfa, 0x1f, 0x0, 0x0,
    0x0, 0x0, 0x0, 0x0, 0x0, 0x0, 0x74, 0xff,
    0x7b, 0xfe, 0x9b, 0x0, 0x0, 0x0, 0x0, 0x0,
    0x0, 0x0, 0xb, 0xea, 0xd3, 0x1, 0xae, 0xfb,
    0x22, 0x0, 0x0, 0x0, 0x0, 0x0, 0x0, 0x78,
    0xff, 0x59, 0x0, 0x33, 0xff, 0x9e, 0x0, 0x0,
    0x0, 0x0, 0x0, 0xc, 0xec, 0xdb, 0x3, 0x0,
    0x0, 0xb9, 0xfb, 0x24, 0x0, 0x0, 0x0, 0x0,
    0x7b, 0xff, 0x63, 0x0, 0x0, 0x0, 0x3e, 0xff,
    0xa2, 0x0, 0x0, 0x0, 0xe, 0xed, 0xe2, 0x5,
    0x0, 0x0, 0x0, 0x0, 0xc3, 0xfc, 0x26, 0x0,
    0x0, 0x7e, 0xff, 0x6c, 0x0, 0x0, 0x0, 0x0,
    0x0, 0x48, 0xff, 0xa5, 0x0, 0xf, 0xef, 0xe8,
    0x9, 0x0, 0x0, 0x0, 0x0, 0x0, 0x0, 0xcd,
    0xfd, 0x29,

    /* U+005F "_" */
    0xfc, 0xff, 0xff, 0xff, 0xff, 0xff, 0xff, 0xff,
    0xff, 0xff, 0xff, 0xff, 0x4, 0x2b, 0x2c, 0x2c,
    0x2c, 0x2c, 0x2c, 0x2c, 0x2c, 0x2c, 0x2c, 0x2c,
    0x2c, 0x0,

    /* U+0060 "`" */
    0x36, 0x80, 0x80, 0x4f, 0x0, 0x0, 0x4, 0xb2,
    0xff, 0xf5, 0x1e, 0x0, 0x0, 0x8, 0xbe, 0xff,
    0xb0, 0x0, 0x0, 0x0, 0xc, 0xc8, 0xff, 0x4d,

    /* U+0061 "a" */
    0x0, 0x0, 0x2a, 0xa6, 0xe6, 0xf9, 0xe4, 0xbf,
    0x60, 0x5, 0x0, 0x0, 0x32, 0xf7, 0xff, 0xff,
    0xff, 0xff, 0xff, 0xff, 0xaf, 0x0, 0x0, 0x2,
    0x7e, 0xdd, 0x5f, 0x40, 0x54, 0xb9, 0xff, 0xff,
    0x32, 0x0, 0x0, 0x0, 0x6, 0x0, 0x0, 0x0,
    0xa, 0xfc, 0xff, 0x61, 0x0, 0x0, 0x0, 0x0,
    0x0, 0x0, 0x0, 0x0, 0xf4, 0xff, 0x6c, 0x0,
    0x0, 0x61, 0xce, 0xf4, 0xff, 0xff, 0xff, 0xff,
    0xff, 0x6c, 0x0, 0x71, 0xff, 0xff, 0xff, 0xfc,
    0xfc, 0xfc, 0xff, 0xff, 0x6c, 0x0, 0xe7, 0xff,
    0x8c, 0x10, 0x0, 0x0, 0x0, 0xf4, 0xff, 0x6c,
    0xb, 0xff, 0xff, 0x36, 0x0, 0x0, 0x0, 0xd,
    0xff, 0xff, 0x6c, 0x0, 0xe7, 0xff, 0xd0, 0x53,
    0x39, 0x4b, 0xae, 0xff, 0xff, 0x6c, 0x0, 0x62,
    0xff, 0xff, 0xff, 0xff, 0xff, 0xfc, 0xfd, 0xff,
    0x6c, 0x0, 0x0, 0x44, 0xc0, 0xeb, 0xf8, 0xd4,
    0x5a, 0xf4, 0xff, 0x6c,

    /* U+0062 "b" */
    0x64, 0xff, 0xff, 0x10, 0x0, 0x0, 0x0, 0x0,
    0x0, 0x0, 0x0, 0x64, 0xff, 0xff, 0x10, 0x0,
    0x0, 0x0, 0x0, 0x0, 0x0, 0x0, 0x64, 0xff,
    0xff, 0x10, 0x0, 0x0, 0x0, 0x0, 0x0, 0x0,
    0x0, 0x64, 0xff, 0xff, 0x10, 0x0, 0x0, 0x0,
    0x0, 0x0, 0x0, 0x0, 0x64, 0xff, 0xff, 0x10,
    0x0, 0x0, 0x0, 0x0, 0x0, 0x0, 0x0, 0x64,
    0xff, 0xff, 0x1c, 0x92, 0xe9, 0xf6, 0xc8, 0x4d,
    0x0, 0x0, 0x64, 0xff, 0xff, 0xe2, 0xff, 0xff,
    0xff, 0xff, 0xff, 0x61, 0x0, 0x64, 0xff, 0xff,
    0xf7, 0x8c, 0x6a, 0x92, 0xfa, 0xff, 0xef, 0x7,
    0x64, 0xff, 0xff, 0x74, 0x0, 0x0, 0x0, 0x85,
    0xff, 0xff, 0x36, 0x64, 0xff, 0xff, 0x33, 0x0,
    0x0, 0x0, 0x43, 0xff, 0xff, 0x4b, 0x64, 0xff,
    0xff, 0x17, 0x0, 0x0, 0x0, 0x28, 0xff, 0xff,
    0x52, 0x64, 0xff, 0xff, 0x18, 0x0, 0x0, 0x0,
    0x29, 0xff, 0xff, 0x51, 0x64, 0xff, 0xff, 0x33,
    0x0, 0x0, 0x0, 0x43, 0xff, 0xff, 0x4a, 0x64,
    0xff, 0xff, 0x73, 0x0, 0x0, 0x0, 0x83, 0xff,
    0xff, 0x36, 0x64, 0xff, 0xff, 0xf6, 0x8a, 0x69,
    0x91, 0xf9, 0xff, 0xf0, 0x8, 0x64, 0xff, 0xff,
    0xec, 0xff, 0xff, 0xff, 0xff, 0xff, 0x63, 0x0,
    0x64, 0xff, 0xff, 0x2c, 0xa2, 0xec, 0xf7, 0xcb,
    0x51, 0x0, 0x0,

    /* U+0063 "c" */
    0x0, 0x0, 0x0, 0x51, 0xba, 0xef, 0xf5, 0xd1,
    0x74, 0x7, 0x0, 0x0, 0x4, 0xa7, 0xff, 0xff,
    0xff, 0xff, 0xff, 0xff, 0xd4, 0x1d, 0x0, 0x81,
    0xff, 0xff, 0xda, 0x85, 0x6d, 0xac, 0xff, 0xdf,
    0x2a, 0x4, 0xf0, 0xff, 0xce, 0xa, 0x0, 0x0,
    0x0, 0x4e, 0x16, 0x0, 0x32, 0xff, 0xff, 0x59,
    0x0, 0x0, 0x0, 0x0, 0x0, 0x0, 0x0, 0x4b,
    0xff, 0xff, 0x30, 0x0, 0x0, 0x0, 0x0, 0x0,
    0x0, 0x0, 0x4b, 0xff, 0xff, 0x2f, 0x0, 0x0,
    0x0, 0x0, 0x0, 0x0, 0x0, 0x33, 0xff, 0xff,
    0x57, 0x0, 0x0, 0x0, 0x0, 0x0, 0x0, 0x0,
    0x4, 0xf1, 0xff, 0xcd, 0x9, 0x0, 0x0, 0x0,
    0x52, 0x18, 0x0, 0x0, 0x84, 0xff, 0xff, 0xd9,
    0x83, 0x6c, 0xac, 0xff, 0xe1, 0x2b, 0x0, 0x4,
    0xab, 0xff, 0xff, 0xff, 0xff, 0xff, 0xff, 0xd5,
    0x1d, 0x0, 0x0, 0x0, 0x54, 0xbc, 0xf1, 0xf6,
    0xd3, 0x78, 0x8, 0x0,

    /* U+0064 "d" */
    0x0, 0x0, 0x0, 0x0, 0x0, 0x0, 0x0, 0x20,
    0xff, 0xff, 0x54, 0x0, 0x0, 0x0, 0x0, 0x0,
    0x0, 0x0, 0x20, 0xff, 0xff, 0x54, 0x0, 0x0,
    0x0, 0x0, 0x0, 0x0, 0x0, 0x20, 0xff, 0xff,
    0x54, 0x0, 0x0, 0x0, 0x0, 0x0, 0x0, 0x0,
    0x20, 0xff, 0xff, 0x54, 0x0, 0x0, 0x0, 0x0,
    0x0, 0x0, 0x0, 0x20, 0xff, 0xff, 0x54, 0x0,
    0x0, 0x5b, 0xce, 0xf7, 0xe5, 0x86, 0x27, 0xff,
    0xff, 0x54, 0x0, 0x76, 0xff, 0xff, 0xff, 0xff,
    0xff, 0xe1, 0xff, 0xff, 0x54, 0x12, 0xf9, 0xff,
    0xf6, 0x8c, 0x6a, 0x92, 0xfb, 0xff, 0xff, 0x54,
    0x49, 0xff, 0xff, 0x74, 0x0, 0x0, 0x0, 0x88,
    0xff, 0xff, 0x54, 0x5c, 0xff, 0xff, 0x32, 0x0,
    0x0, 0x0, 0x45, 0xff, 0xff, 0x54, 0x63, 0xff,
    0xff, 0x17, 0x0, 0x0, 0x0, 0x28, 0xff, 0xff,
    0x54, 0x62, 0xff, 0xff, 0x18, 0x0, 0x0, 0x0,
    0x29, 0xff, 0xff, 0x54, 0x5c, 0xff, 0xff, 0x33,
    0x0, 0x0, 0x0, 0x45, 0xff, 0xff, 0x54, 0x49,
    0xff, 0xff, 0x73, 0x0, 0x0, 0x0, 0x87, 0xff,
    0xff, 0x54, 0x13, 0xfa, 0xff, 0xf6, 0x8b, 0x69,
    0x91, 0xfa, 0xff, 0xff, 0x54, 0x0, 0x78, 0xff,
    0xff, 0xff, 0xff, 0xff, 0xeb, 0xff, 0xff, 0x54,
    0x0, 0x0, 0x60, 0xd1, 0xf8, 0xe9, 0x99, 0x35,
    0xff, 0xff, 0x54,

    /* U+0065 "e" */
    0x0, 0x0, 0x0, 0x4b, 0xbd, 0xf4, 0xf3, 0xc0,
    0x50, 0x0, 0x0, 0x0, 0x0, 0x90, 0xff, 0xff,
    0xff, 0xff, 0xff, 0xff, 0x90, 0x0, 0x0, 0x53,
    0xff, 0xff, 0xba, 0x55, 0x58, 0xc7, 0xff, 0xff,
    0x58, 0x0, 0xb8, 0xff, 0xce, 0x3, 0x0, 0x0,
    0x9, 0xde, 0xff, 0xc0, 0x0, 0xee, 0xff, 0x7d,
    0x0, 0x0, 0x0, 0x0, 0x91, 0xff, 0xec, 0x4,
    0xff, 0xff, 0xff, 0xff, 0xff, 0xff, 0xff, 0xff,
    0xff, 0xf8, 0x4, 0xff, 0xff, 0xfb, 0xf8, 0xf8,
    0xf8, 0xf8, 0xf8, 0xf8, 0xf0, 0x0, 0xf1, 0xff,
    0x7e, 0x0, 0x0, 0x0, 0x0, 0x0, 0x0, 0x0,
    0x0, 0xbe, 0xff, 0xd0, 0x5, 0x0, 0x0, 0x0,
    0x15, 0xf, 0x0, 0x0, 0x5f, 0xff, 0xff, 0xc7,
    0x5f, 0x47, 0x77, 0xe7, 0xda, 0x29, 0x0, 0x2,
    0x9d, 0xff, 0xff, 0xff, 0xff, 0xff, 0xff, 0xf7,
    0x4d, 0x0, 0x0, 0x0, 0x47, 0xb0, 0xec, 0xfa,
    0xe0, 0x9c, 0x24, 0x0,

    /* U+0066 "f" */
    0x0, 0x0, 0x5, 0x80, 0xdf, 0xfe, 0xe0, 0x0,
    0x0, 0x83, 0xff, 0xff, 0xff, 0xe0, 0x0, 0x0,
    0xde, 0xff, 0xc3, 0x44, 0x38, 0x0, 0x0, 0xfd,
    0xff, 0x71, 0x0, 0x0, 0x0, 0x0, 0xff, 0xff,
    0x70, 0x0, 0x0, 0x3c, 0xff, 0xff, 0xff, 0xff,
    0xff, 0xe0, 0x31, 0xd4, 0xff, 0xff, 0xe7, 0xd4,
    0xb9, 0x0, 0x0, 0xff, 0xff, 0x70, 0x0, 0x0,
    0x0, 0x0, 0xff, 0xff, 0x70, 0x0, 0x0, 0x0,
    0x0, 0xff, 0xff, 0x70, 0x0, 0x0, 0x0, 0x0,
    0xff, 0xff, 0x70, 0x0, 0x0, 0x0, 0x0, 0xff,
    0xff, 0x70, 0x0, 0x0, 0x0, 0x0, 0xff, 0xff,
    0x70, 0x0, 0x0, 0x0, 0x0, 0xff, 0xff, 0x70,
    0x0, 0x0, 0x0, 0x0, 0xff, 0xff, 0x70, 0x0,
    0x0, 0x0, 0x0, 0xff, 0xff, 0x70, 0x0, 0x0,
    0x0, 0x0, 0xff, 0xff, 0x70, 0x0, 0x0,

    /* U+0067 "g" */
    0x0, 0x14, 0x98, 0xe8, 0xf7, 0xcc, 0x54, 0x90,
    0xff, 0xe4, 0xf, 0xda, 0xff, 0xff, 0xff, 0xff,
    0xff, 0xe7, 0xff, 0xe4, 0x80, 0xff, 0xff, 0xe1,
    0x79, 0x74, 0xdb, 0xff, 0xff, 0xe4, 0xbb, 0xff,
    0xf2, 0x18, 0x0, 0x0, 0x10, 0xe8, 0xff, 0xe4,
    0xcc, 0xff, 0xad, 0x0, 0x0, 0x0, 0x0, 0x9e,
    0xff, 0xe4, 0xd3, 0xff, 0xa2, 0x0, 0x0, 0x0,
    0x0, 0x93, 0xff, 0xe4, 0xd3, 0xff, 0xa1, 0x0,
    0x0, 0x0, 0x0, 0x92, 0xff, 0xe4, 0xcd, 0xff,
    0xac, 0x0, 0x0, 0x0, 0x0, 0x9d, 0xff, 0xe4,
    0xbc, 0xff, 0xf0, 0x16, 0x0, 0x0, 0xe, 0xe6,
    0xff, 0xe4, 0x82, 0xff, 0xff, 0xdf, 0x77, 0x73,
    0xd8, 0xff, 0xff, 0xe4, 0xf, 0xdb, 0xff, 0xff,
    0xff, 0xff, 0xff, 0xeb, 0xff, 0xe4, 0x0, 0x15,
    0x9c, 0xe9, 0xf8, 0xd0, 0x5d, 0x90, 0xff, 0xe3,
    0x0, 0x0, 0x0, 0x0, 0x0, 0x0, 0x0, 0xaa,
    0xff, 0xd3, 0x0, 0xf, 0x50, 0x0, 0x0, 0x0,
    0x20, 0xf1, 0xff, 0xa4, 0x24, 0xd7, 0xff, 0xb1,
    0x6d, 0x88, 0xed, 0xff, 0xff, 0x40, 0x2d, 0xe4,
    0xff, 0xff, 0xff, 0xff, 0xff, 0xfe, 0x79, 0x0,
    0x0, 0xe, 0x82, 0xd8, 0xf9, 0xeb, 0xad, 0x3b,
    0x0, 0x0,

    /* U+0068 "h" */
    0x64, 0xff, 0xff, 0x10, 0x0, 0x0, 0x0, 0x0,
    0x0, 0x0, 0x0, 0x64, 0xff, 0xff, 0x10, 0x0,
    0x0, 0x0, 0x0, 0x0, 0x0, 0x0, 0x64, 0xff,
    0xff, 0x10, 0x0, 0x0, 0x0, 0x0, 0x0, 0x0,
    0x0, 0x64, 0xff, 0xff, 0x10, 0x0, 0x0, 0x0,
    0x0, 0x0, 0x0, 0x0, 0x64, 0xff, 0xff, 0x10,
    0x0, 0x0, 0x0, 0x0, 0x0, 0x0, 0x0, 0x64,
    0xff, 0xff, 0x29, 0xa0, 0xea, 0xf8, 0xc4, 0x47,
    0x0, 0x0, 0x64, 0xff, 0xff, 0xe6, 0xff, 0xff,
    0xff, 0xff, 0xff, 0x68, 0x0, 0x64, 0xff, 0xff,
    0xfe, 0xa1, 0x70, 0xa9, 0xff, 0xff, 0xf6, 0xf,
    0x64, 0xff, 0xff, 0x79, 0x0, 0x0, 0x0, 0x8c,
    0xff, 0xff, 0x44, 0x64, 0xff, 0xff, 0x21, 0x0,
    0x0, 0x0, 0x32, 0xff, 0xff, 0x53, 0x64, 0xff,
    0xff, 0x10, 0x0, 0x0, 0x0, 0x20, 0xff, 0xff,
    0x54, 0x64, 0xff, 0xff, 0x10, 0x0, 0x0, 0x0,
    0x20, 0xff, 0xff, 0x54, 0x64, 0xff, 0xff, 0x10,
    0x0, 0x0, 0x0, 0x20, 0xff, 0xff, 0x54, 0x64,
    0xff, 0xff, 0x10, 0x0, 0x0, 0x0, 0x20, 0xff,
    0xff, 0x54, 0x64, 0xff, 0xff, 0x10, 0x0, 0x0,
    0x0, 0x20, 0xff, 0xff, 0x54, 0x64, 0xff, 0xff,
    0x10, 0x0, 0x0, 0x0, 0x20, 0xff, 0xff, 0x54,
    0x64, 0xff, 0xff, 0x10, 0x0, 0x0, 0x0, 0x20,
    0xff, 0xff, 0x54,

    /* U+0069 "i" */
    0x54, 0xff, 0xff, 0x20, 0x54, 0xff, 0xff, 0x20,
    0x20, 0x64, 0x64, 0xc, 0x0, 0x0, 0x0, 0x0,
    0x0, 0x0, 0x0, 0x0, 0x54, 0xff, 0xff, 0x20,
    0x54, 0xff, 0xff, 0x20, 0x54, 0xff, 0xff, 0x20,
    0x54, 0xff, 0xff, 0x20, 0x54, 0xff, 0xff, 0x20,
    0x54, 0xff, 0xff, 0x20, 0x54, 0xff, 0xff, 0x20,
    0x54, 0xff, 0xff, 0x20, 0x54, 0xff, 0xff, 0x20,
    0x54, 0xff, 0xff, 0x20, 0x54, 0xff, 0xff, 0x20,
    0x54, 0xff, 0xff, 0x20,

    /* U+006A "j" */
    0x0, 0x0, 0x18, 0xff, 0xff, 0x5c, 0x0, 0x0,
    0x18, 0xff, 0xff, 0x5c, 0x0, 0x0, 0x9, 0x64,
    0x64, 0x23, 0x0, 0x0, 0x0, 0x0, 0x0, 0x0,
    0x0, 0x0, 0x0, 0x0, 0x0, 0x0, 0x0, 0x0,
    0x18, 0xff, 0xff, 0x5c, 0x0, 0x0, 0x18, 0xff,
    0xff, 0x5c, 0x0, 0x0, 0x18, 0xff, 0xff, 0x5c,
    0x0, 0x0, 0x18, 0xff, 0xff, 0x5c, 0x0, 0x0,
    0x18, 0xff, 0xff, 0x5c, 0x0, 0x0, 0x18, 0xff,
    0xff, 0x5c, 0x0, 0x0, 0x18, 0xff, 0xff, 0x5c,
    0x0, 0x0, 0x18, 0xff, 0xff, 0x5c, 0x0, 0x0,
    0x18, 0xff, 0xff, 0x5c, 0x0, 0x0, 0x18, 0xff,
    0xff, 0x5c, 0x0, 0x0, 0x18, 0xff, 0xff, 0x5c,
    0x0, 0x0, 0x18, 0xff, 0xff, 0x5c, 0x0, 0x0,
    0x18, 0xff, 0xff, 0x5c, 0x0, 0x0, 0x1e, 0xff,
    0xff, 0x58, 0x9, 0x43, 0x9d, 0xff, 0xff, 0x32,
    0x24, 0xff, 0xff, 0xff, 0xbe, 0x1, 0x24, 0xff,
    0xe3, 0x95, 0x10, 0x0,

    /* U+006B "k" */
    0x64, 0xff, 0xff, 0x10, 0x0, 0x0, 0x0, 0x0,
    0x0, 0x0, 0x0, 0x0, 0x64, 0xff, 0xff, 0x10,
    0x0, 0x0, 0x0, 0x0, 0x0, 0x0, 0x0, 0x0,
    0x64, 0xff, 0xff, 0x10, 0x0, 0x0, 0x0, 0x0,
    0x0, 0x0, 0x0, 0x0, 0x64, 0xff, 0xff, 0x10,
    0x0, 0x0, 0x0, 0x0, 0x0, 0x0, 0x0, 0x0,
    0x64, 0xff, 0xff, 0x10, 0x0, 0x0, 0x0, 0x0,
    0x0, 0x0, 0x0, 0x0, 0x64, 0xff, 0xff, 0x10,
    0x0, 0x0, 0x0, 0xa1, 0xff, 0xfa, 0x46, 0x0,
    0x64, 0xff, 0xff, 0x10, 0x0, 0x0, 0x77, 0xff,
    0xff, 0x5e, 0x0, 0x0, 0x64, 0xff, 0xff, 0x10,
    0x0, 0x4c, 0xfd, 0xff, 0x77, 0x0, 0x0, 0x0,
    0x64, 0xff, 0xff, 0x10, 0x2b, 0xf2, 0xff, 0x93,
    0x0, 0x0, 0x0, 0x0, 0x64, 0xff, 0xff, 0x24,
    0xde, 0xff, 0xbf, 0x2, 0x0, 0x0, 0x0, 0x0,
    0x64, 0xff, 0xff, 0xcd, 0xff, 0xff, 0xf0, 0x1a,
    0x0, 0x0, 0x0, 0x0, 0x64, 0xff, 0xff, 0xff,
    0xd3, 0xe7, 0xff, 0xb1, 0x0, 0x0, 0x0, 0x0,
    0x64, 0xff, 0xff, 0xe3, 0x1c, 0x61, 0xff, 0xff,
    0x58, 0x0, 0x0, 0x0, 0x64, 0xff, 0xff, 0x33,
    0x0, 0x1, 0xcb, 0xff, 0xeb, 0x14, 0x0, 0x0,
    0x64, 0xff, 0xff, 0x10, 0x0, 0x0, 0x3a, 0xff,
    0xff, 0xa6, 0x0, 0x0, 0x64, 0xff, 0xff, 0x10,
    0x0, 0x0, 0x0, 0xa6, 0xff, 0xff, 0x4d, 0x0,
    0x64, 0xff, 0xff, 0x10, 0x0, 0x0, 0x0, 0x1c,
    0xf5, 0xff, 0xe4, 0xf,

    /* U+006C "l" */
    0x64, 0xff, 0xff, 0x10, 0x0, 0x64, 0xff, 0xff,
    0x10, 0x0, 0x64, 0xff, 0xff, 0x10, 0x0, 0x64,
    0xff, 0xff, 0x10, 0x0, 0x64, 0xff, 0xff, 0x10,
    0x0, 0x64, 0xff, 0xff, 0x10, 0x0, 0x64, 0xff,
    0xff, 0x10, 0x0, 0x64, 0xff, 0xff, 0x10, 0x0,
    0x64, 0xff, 0xff, 0x10, 0x0, 0x64, 0xff, 0xff,
    0x10, 0x0, 0x64, 0xff, 0xff, 0x10, 0x0, 0x64,
    0xff, 0xff, 0x10, 0x0, 0x64, 0xff, 0xff, 0x10,
    0x0, 0x64, 0xff, 0xff, 0x10, 0x0, 0x52, 0xff,
    0xff, 0x7b, 0x33, 0x1c, 0xf5, 0xff, 0xff, 0xcc,
    0x0, 0x47, 0xcb, 0xf7, 0xcc,

    /* U+006D "m" */
    0x40, 0xff, 0xff, 0x49, 0x99, 0xe6, 0xfa, 0xe0,
    0x83, 0x6, 0x24, 0x9c, 0xe1, 0xf9, 0xe3, 0x85,
    0x9, 0x0, 0x40, 0xff, 0xff, 0xf2, 0xff, 0xff,
    0xff, 0xff, 0xff, 0xd4, 0xf3, 0xff, 0xff, 0xff,
    0xff, 0xff, 0xca, 0x8, 0x40, 0xff, 0xff, 0xfc,
    0x8d, 0x4c, 0x75, 0xf1, 0xff, 0xff, 0xff, 0xb3,
    0x52, 0x5f, 0xd8, 0xff, 0xff, 0x6e, 0x40, 0xff,
    0xff, 0x8a, 0x0, 0x0, 0x0, 0x52, 0xff, 0xff,
    0xcc, 0x2, 0x0, 0x0, 0x1a, 0xf4, 0xff, 0xad,
    0x40, 0xff, 0xff, 0x41, 0x0, 0x0, 0x0, 0x8,
    0xfd, 0xff, 0x85, 0x0, 0x0, 0x0, 0x0, 0xc2,
    0xff, 0xbb, 0x40, 0xff, 0xff, 0x34, 0x0, 0x0,
    0x0, 0x0, 0xf8, 0xff, 0x78, 0x0, 0x0, 0x0,
    0x0, 0xb4, 0xff, 0xbc, 0x40, 0xff, 0xff, 0x34,
    0x0, 0x0, 0x0, 0x0, 0xf8, 0xff, 0x78, 0x0,
    0x0, 0x0, 0x0, 0xb4, 0xff, 0xbc, 0x40, 0xff,
    0xff, 0x34, 0x0, 0x0, 0x0, 0x0, 0xf8, 0xff,
    0x78, 0x0, 0x0, 0x0, 0x0, 0xb4, 0xff, 0xbc,
    0x40, 0xff, 0xff, 0x34, 0x0, 0x0, 0x0, 0x0,
    0xf8, 0xff, 0x78, 0x0, 0x0, 0x0, 0x0, 0xb4,
    0xff, 0xbc, 0x40, 0xff, 0xff, 0x34, 0x0, 0x0,
    0x0, 0x0, 0xf8, 0xff, 0x78, 0x0, 0x0, 0x0,
    0x0, 0xb4, 0xff, 0xbc, 0x40, 0xff, 0xff, 0x34,
    0x0, 0x0, 0x0, 0x0, 0xf8, 0xff, 0x78, 0x0,
    0x0, 0x0, 0x0, 0xb4, 0xff, 0xbc, 0x40, 0xff,
    0xff, 0x34, 0x0, 0x0, 0x0, 0x0, 0xf8, 0xff,
    0x78, 0x0, 0x0, 0x0, 0x0, 0xb4, 0xff, 0xbc,

    /* U+006E "n" */
    0x64, 0xff, 0xff, 0x34, 0xaa, 0xec, 0xf8, 0xc4,
    0x47, 0x0, 0x0, 0x64, 0xff, 0xff, 0xf2, 0xff,
    0xff, 0xff, 0xff, 0xff, 0x68, 0x0, 0x64, 0xff,
    0xff, 0xf5, 0x7d, 0x4c, 0x85, 0xf9, 0xff, 0xf6,
    0xf, 0x64, 0xff, 0xff, 0x66, 0x0, 0x0, 0x0,
    0x78, 0xff, 0xff, 0x44, 0x64, 0xff, 0xff, 0x1d,
    0x0, 0x0, 0x0, 0x2e, 0xff, 0xff, 0x53, 0x64,
    0xff, 0xff, 0x10, 0x0, 0x0, 0x0, 0x20, 0xff,
    0xff, 0x54, 0x64, 0xff, 0xff, 0x10, 0x0, 0x0,
    0x0, 0x20, 0xff, 0xff, 0x54, 0x64, 0xff, 0xff,
    0x10, 0x0, 0x0, 0x0, 0x20, 0xff, 0xff, 0x54,
    0x64, 0xff, 0xff, 0x10, 0x0, 0x0, 0x0, 0x20,
    0xff, 0xff, 0x54, 0x64, 0xff, 0xff, 0x10, 0x0,
    0x0, 0x0, 0x20, 0xff, 0xff, 0x54, 0x64, 0xff,
    0xff, 0x10, 0x0, 0x0, 0x0, 0x20, 0xff, 0xff,
    0x54, 0x64, 0xff, 0xff, 0x10, 0x0, 0x0, 0x0,
    0x20, 0xff, 0xff, 0x54,

    /* U+006F "o" */
    0x0, 0x0, 0x5f, 0xc9, 0xf3, 0xf4, 0xcb, 0x64,
    0x1, 0x0, 0x0, 0x0, 0x9c, 0xff, 0xff, 0xff,
    0xff, 0xff, 0xff, 0xa7, 0x1, 0x0, 0x5b, 0xff,
    0xff, 0xd8, 0x7d, 0x7a, 0xd3, 0xff, 0xff, 0x65,
    0x0, 0xbe, 0xff, 0xe7, 0xe, 0x0, 0x0, 0xa,
    0xdf, 0xff, 0xc7, 0x0, 0xe8, 0xff, 0x8d, 0x0,
    0x0, 0x0, 0x0, 0x84, 0xff, 0xf3, 0x0, 0xf6,
    0xff, 0x77, 0x0, 0x0, 0x0, 0x0, 0x6d, 0xff,
    0xff, 0x2, 0xf6, 0xff, 0x77, 0x0, 0x0, 0x0,
    0x0, 0x6c, 0xff, 0xff, 0x2, 0xe8, 0xff, 0x8c,
    0x0, 0x0, 0x0, 0x0, 0x82, 0xff, 0xf3, 0x0,
    0xbf, 0xff, 0xe5, 0xd, 0x0, 0x0, 0x8, 0xdd,
    0xff, 0xc8, 0x0, 0x5e, 0xff, 0xff, 0xd7, 0x7c,
    0x79, 0xd2, 0xff, 0xff, 0x67, 0x0, 0x0, 0xa0,
    0xff, 0xff, 0xff, 0xff, 0xff, 0xff, 0xaa, 0x1,
    0x0, 0x0, 0x1, 0x63, 0xcb, 0xf4, 0xf5, 0xce,
    0x68, 0x2, 0x0, 0x0,

    /* U+0070 "p" */
    0x64, 0xff, 0xff, 0x37, 0xa9, 0xed, 0xf6, 0xc8,
    0x4d, 0x0, 0x0, 0x64, 0xff, 0xff, 0xf6, 0xff,
    0xff, 0xff, 0xff, 0xff, 0x61, 0x0, 0x64, 0xff,
    0xff, 0xeb, 0x69, 0x46, 0x6f, 0xf1, 0xff, 0xef,
    0x7, 0x64, 0xff, 0xff, 0x68, 0x0, 0x0, 0x0,
    0x7a, 0xff, 0xff, 0x36, 0x64, 0xff, 0xff, 0x2f,
    0x0, 0x0, 0x0, 0x3f, 0xff, 0xff, 0x4a, 0x64,
    0xff, 0xff, 0x17, 0x0, 0x0, 0x0, 0x27, 0xff,
    0xff, 0x51, 0x64, 0xff, 0xff, 0x19, 0x0, 0x0,
    0x0, 0x2a, 0xff, 0xff, 0x52, 0x64, 0xff, 0xff,
    0x35, 0x0, 0x0, 0x0, 0x45, 0xff, 0xff, 0x4b,
    0x64, 0xff, 0xff, 0x74, 0x0, 0x0, 0x0, 0x86,
    0xff, 0xff, 0x36, 0x64, 0xff, 0xff, 0xf7, 0x8b,
    0x69, 0x92, 0xfa, 0xff, 0xf0, 0x8, 0x64, 0xff,
    0xff, 0xe2, 0xff, 0xff, 0xff, 0xff, 0xff, 0x63,
    0x0, 0x64, 0xff, 0xff, 0x1d, 0x96, 0xea, 0xf7,
    0xcb, 0x51, 0x0, 0x0, 0x64, 0xff, 0xff, 0x10,
    0x0, 0x0, 0x0, 0x0, 0x0, 0x0, 0x0, 0x64,
    0xff, 0xff, 0x10, 0x0, 0x0, 0x0, 0x0, 0x0,
    0x0, 0x0, 0x64, 0xff, 0xff, 0x10, 0x0, 0x0,
    0x0, 0x0, 0x0, 0x0, 0x0, 0x64, 0xff, 0xff,
    0x10, 0x0, 0x0, 0x0, 0x0, 0x0, 0x0, 0x0,
    0x64, 0xff, 0xff, 0x10, 0x0, 0x0, 0x0, 0x0,
    0x0, 0x0, 0x0,

    /* U+0071 "q" */
    0x0, 0x12, 0x97, 0xe8, 0xf8, 0xce, 0x5b, 0x90,
    0xff, 0xe4, 0xc, 0xd6, 0xff, 0xff, 0xff, 0xff,
    0xff, 0xe9, 0xff, 0xe4, 0x7a, 0xff, 0xff, 0xce,
    0x73, 0x70, 0xc8, 0xff, 0xff, 0xe4, 0xb9, 0xff,
    0xf5, 0xe, 0x0, 0x0, 0x9, 0xee, 0xff, 0xe4,
    0xcc, 0xff, 0xc3, 0x0, 0x0, 0x0, 0x0, 0xb6,
    0xff, 0xe4, 0xd2, 0xff, 0xa8, 0x0, 0x0, 0x0,
    0x0, 0x99, 0xff, 0xe4, 0xd3, 0xff, 0xa7, 0x0,
    0x0, 0x0, 0x0, 0x98, 0xff, 0xe4, 0xcc, 0xff,
    0xc2, 0x0, 0x0, 0x0, 0x0, 0xb5, 0xff, 0xe4,
    0xb9, 0xff, 0xf5, 0xd, 0x0, 0x0, 0x9, 0xed,
    0xff, 0xe4, 0x7b, 0xff, 0xff, 0xcd, 0x72, 0x6f,
    0xc7, 0xff, 0xff, 0xe4, 0xd, 0xd7, 0xff, 0xff,
    0xff, 0xff, 0xff, 0xe6, 0xff, 0xe4, 0x0, 0x15,
    0x9b, 0xe9, 0xf8, 0xc8, 0x4d, 0x90, 0xff, 0xe4,
    0x0, 0x0, 0x0, 0x0, 0x0, 0x0, 0x0, 0x90,
    0xff, 0xe4, 0x0, 0x0, 0x0, 0x0, 0x0, 0x0,
    0x0, 0x90, 0xff, 0xe4, 0x0, 0x0, 0x0, 0x0,
    0x0, 0x0, 0x0, 0x90, 0xff, 0xe4, 0x0, 0x0,
    0x0, 0x0, 0x0, 0x0, 0x0, 0x90, 0xff, 0xe4,
    0x0, 0x0, 0x0, 0x0, 0x0, 0x0, 0x0, 0x90,
    0xff, 0xe4,

    /* U+0072 "r" */
    0x64, 0xff, 0xff, 0x34, 0xaa, 0xec, 0xf4, 0xc8,
    0x50, 0x64, 0xff, 0xff, 0xf2, 0xff, 0xff, 0xff,
    0xf7, 0x3a, 0x64, 0xff, 0xff, 0xf2, 0x7a, 0x4c,
    0x8d, 0x57, 0x0, 0x64, 0xff, 0xff, 0x5e, 0x0,
    0x0, 0x0, 0x0, 0x0, 0x64, 0xff, 0xff, 0x1b,
    0x0, 0x0, 0x0, 0x0, 0x0, 0x64, 0xff, 0xff,
    0x10, 0x0, 0x0, 0x0, 0x0, 0x0, 0x64, 0xff,
    0xff, 0x10, 0x0, 0x0, 0x0, 0x0, 0x0, 0x64,
    0xff, 0xff, 0x10, 0x0, 0x0, 0x0, 0x0, 0x0,
    0x64, 0xff, 0xff, 0x10, 0x0, 0x0, 0x0, 0x0,
    0x0, 0x64, 0xff, 0xff, 0x10, 0x0, 0x0, 0x0,
    0x0, 0x0, 0x64, 0xff, 0xff, 0x10, 0x0, 0x0,
    0x0, 0x0, 0x0, 0x64, 0xff, 0xff, 0x10, 0x0,
    0x0, 0x0, 0x0, 0x0,

    /* U+0073 "s" */
    0x0, 0x0, 0x26, 0x9c, 0xdb, 0xf8, 0xee, 0xc4,
    0x72, 0xd, 0x0, 0x0, 0x3f, 0xf7, 0xff, 0xff,
    0xff, 0xff, 0xff, 0xff, 0xe5, 0x1d, 0x0, 0xc3,
    0xff, 0xf1, 0x6f, 0x46, 0x59, 0xa7, 0xfd, 0x93,
    0x0, 0x0, 0xe8, 0xff, 0x90, 0x0, 0x0, 0x0,
    0x0, 0x24, 0x2, 0x0, 0x0, 0xc6, 0xff, 0xd8,
    0x41, 0x20, 0x20, 0x18, 0x1, 0x0, 0x0, 0x0,
    0x4c, 0xff, 0xff, 0xff, 0xff, 0xff, 0xff, 0xea,
    0x60, 0x0, 0x0, 0x0, 0x3c, 0xaf, 0xe5, 0xfd,
    0xff, 0xff, 0xff, 0xfc, 0x2b, 0x0, 0x0, 0x0,
    0x0, 0x0, 0x3, 0x18, 0x54, 0xf7, 0xff, 0x86,
    0x0, 0x50, 0x56, 0x0, 0x0, 0x0, 0x0, 0x0,
    0xe0, 0xff, 0x9e, 0x55, 0xfb, 0xff, 0xbf, 0x69,
    0x47, 0x53, 0xad, 0xff, 0xff, 0x6d, 0x23, 0xcc,
    0xff, 0xff, 0xff, 0xff, 0xff, 0xff, 0xff, 0xc1,
    0x7, 0x0, 0x2, 0x56, 0xb0, 0xe6, 0xf9, 0xe4,
    0xbd, 0x5a, 0x4, 0x0,

    /* U+0074 "t" */
    0x0, 0x0, 0x0, 0x4, 0xf, 0x0, 0x0, 0x0,
    0x3, 0xa8, 0x34, 0x0, 0x0, 0x1, 0xa0, 0xff,
    0x34, 0x0, 0x0, 0x3d, 0xff, 0xff, 0x34, 0x0,
    0x0, 0x40, 0xff, 0xff, 0x34, 0x0, 0x78, 0xff,
    0xff, 0xff, 0xff, 0xfc, 0x63, 0xdf, 0xff, 0xff,
    0xdc, 0xd0, 0x0, 0x40, 0xff, 0xff, 0x34, 0x0,
    0x0, 0x40, 0xff, 0xff, 0x34, 0x0, 0x0, 0x40,
    0xff, 0xff, 0x34, 0x0, 0x0, 0x40, 0xff, 0xff,
    0x34, 0x0, 0x0, 0x40, 0xff, 0xff, 0x34, 0x0,
    0x0, 0x40, 0xff, 0xff, 0x34, 0x0, 0x0, 0x40,
    0xff, 0xff, 0x34, 0x0, 0x0, 0x40, 0xff, 0xff,
    0x34, 0x0, 0x0, 0x40, 0xff, 0xff, 0x34, 0x0,
    0x0, 0x40, 0xff, 0xff, 0x34, 0x0,

    /* U+0075 "u" */
    0x64, 0xff, 0xff, 0x10, 0x0, 0x0, 0x0, 0x20,
    0xff, 0xff, 0x54, 0x64, 0xff, 0xff, 0x10, 0x0,
    0x0, 0x0, 0x20, 0xff, 0xff, 0x54, 0x64, 0xff,
    0xff, 0x10, 0x0, 0x0, 0x0, 0x20, 0xff, 0xff,
    0x54, 0x64, 0xff, 0xff, 0x10, 0x0, 0x0, 0x0,
    0x20, 0xff, 0xff, 0x54, 0x64, 0xff, 0xff, 0x10,
    0x0, 0x0, 0x0, 0x20, 0xff, 0xff, 0x54, 0x64,
    0xff, 0xff, 0x10, 0x0, 0x0, 0x0, 0x20, 0xff,
    0xff, 0x54, 0x64, 0xff, 0xff, 0x10, 0x0, 0x0,
    0x0, 0x20, 0xff, 0xff, 0x54, 0x63, 0xff, 0xff,
    0x1d, 0x0, 0x0, 0x0, 0x2e, 0xff, 0xff, 0x54,
    0x55, 0xff, 0xff, 0x64, 0x0, 0x0, 0x0, 0x76,
    0xff, 0xff, 0x54, 0x1c, 0xfc, 0xff, 0xf4, 0x7b,
    0x4b, 0x83, 0xf8, 0xff, 0xff, 0x54, 0x0, 0x7f,
    0xff, 0xff, 0xff, 0xff, 0xff, 0xf2, 0xff, 0xff,
    0x54, 0x0, 0x0, 0x55, 0xcb, 0xf9, 0xeb, 0xa4,
    0x3d, 0xff, 0xff, 0x54,

    /* U+0076 "v" */
    0x5, 0xeb, 0xff, 0xa3, 0x0, 0x0, 0x0, 0x0,
    0x4, 0xeb, 0xff, 0x9f, 0x0, 0x91, 0xff, 0xf2,
    0x8, 0x0, 0x0, 0x0, 0x47, 0xff, 0xff, 0x40,
    0x0, 0x32, 0xff, 0xff, 0x51, 0x0, 0x0, 0x0,
    0x9e, 0xff, 0xe0, 0x1, 0x0, 0x0, 0xd2, 0xff,
    0xa8, 0x0, 0x0, 0x6, 0xee, 0xff, 0x82, 0x0,
    0x0, 0x0, 0x73, 0xff, 0xf4, 0xa, 0x0, 0x4c,
    0xff, 0xff, 0x24, 0x0, 0x0, 0x0, 0x18, 0xfc,
    0xff, 0x56, 0x0, 0xa3, 0xff, 0xc4, 0x0, 0x0,
    0x0, 0x0, 0x0, 0xb5, 0xff, 0xad, 0x8, 0xf2,
    0xff, 0x65, 0x0, 0x0, 0x0, 0x0, 0x0, 0x55,
    0xff, 0xf7, 0x5e, 0xff, 0xf7, 0xf, 0x0, 0x0,
    0x0, 0x0, 0x0, 0x7, 0xee, 0xff, 0xec, 0xff,
    0xa7, 0x0, 0x0, 0x0, 0x0, 0x0, 0x0, 0x0,
    0x97, 0xff, 0xff, 0xff, 0x48, 0x0, 0x0, 0x0,
    0x0, 0x0, 0x0, 0x0, 0x37, 0xff, 0xff, 0xe6,
    0x3, 0x0, 0x0, 0x0, 0x0, 0x0, 0x0, 0x0,
    0x0, 0xd7, 0xff, 0x8b, 0x0, 0x0, 0x0, 0x0,

    /* U+0077 "w" */
    0xc3, 0xff, 0xcb, 0x0, 0x0, 0x0, 0x0, 0x5e,
    0xff, 0xbd, 0x0, 0x0, 0x0, 0x0, 0x70, 0xff,
    0xff, 0x22, 0x70, 0xff, 0xfe, 0x14, 0x0, 0x0,
    0x0, 0xb2, 0xff, 0xfc, 0x14, 0x0, 0x0, 0x0,
    0xb6, 0xff, 0xce, 0x0, 0x1d, 0xff, 0xff, 0x5a,
    0x0, 0x0, 0xd, 0xf8, 0xff, 0xff, 0x65, 0x0,
    0x0, 0x7, 0xf5, 0xff, 0x7b, 0x0, 0x0, 0xca,
    0xff, 0xa1, 0x0, 0x0, 0x59, 0xff, 0xef, 0xff,
    0xb8, 0x0, 0x0, 0x44, 0xff, 0xff, 0x29, 0x0,
    0x0, 0x77, 0xff, 0xe7, 0x1, 0x0, 0xad, 0xff,
    0x70, 0xf9, 0xfa, 0x11, 0x0, 0x8b, 0xff, 0xd5,
    0x0, 0x0, 0x0, 0x24, 0xff, 0xff, 0x30, 0xa,
    0xf5, 0xfe, 0x17, 0xb9, 0xff, 0x60, 0x0, 0xd2,
    0xff, 0x82, 0x0, 0x0, 0x0, 0x0, 0xd1, 0xff,
    0x77, 0x55, 0xff, 0xc8, 0x0, 0x6c, 0xff, 0xb4,
    0x19, 0xff, 0xff, 0x2f, 0x0, 0x0, 0x0, 0x0,
    0x7e, 0xff, 0xbf, 0xa8, 0xff, 0x7b, 0x0, 0x1e,
    0xff, 0xf9, 0x6f, 0xff, 0xdc, 0x0, 0x0, 0x0,
    0x0, 0x0, 0x2b, 0xff, 0xfa, 0xf4, 0xff, 0x2d,
    0x0, 0x0, 0xd0, 0xff, 0xee, 0xff, 0x89, 0x0,
    0x0, 0x0, 0x0, 0x0, 0x0, 0xd8, 0xff, 0xff,
    0xe0, 0x0, 0x0, 0x0, 0x83, 0xff, 0xff, 0xff,
    0x36, 0x0, 0x0, 0x0, 0x0, 0x0, 0x0, 0x85,
    0xff, 0xff, 0x93, 0x0, 0x0, 0x0, 0x35, 0xff,
    0xff, 0xe3, 0x1, 0x0, 0x0, 0x0, 0x0, 0x0,
    0x0, 0x32, 0xff, 0xff, 0x46, 0x0, 0x0, 0x0,
    0x1, 0xe5, 0xff, 0x91, 0x0, 0x0, 0x0, 0x0,

    /* U+0078 "x" */
    0x3f, 0xfe, 0xff, 0xab, 0x0, 0x0, 0x0, 0x24,
    0xf7, 0xff, 0xc9, 0x3, 0x0, 0x90, 0xff, 0xff,
    0x4a, 0x0, 0x0, 0xba, 0xff, 0xf7, 0x28, 0x0,
    0x0, 0x9, 0xd9, 0xff, 0xdf, 0xa, 0x5b, 0xff,
    0xff, 0x71, 0x0, 0x0, 0x0, 0x0, 0x38, 0xfc,
    0xff, 0x98, 0xe8, 0xff, 0xc2, 0x2, 0x0, 0x0,
    0x0, 0x0, 0x0, 0x87, 0xff, 0xff, 0xff, 0xf4,
    0x22, 0x0, 0x0, 0x0, 0x0, 0x0, 0x0, 0x6,
    0xd5, 0xff, 0xff, 0x6b, 0x0, 0x0, 0x0, 0x0,
    0x0, 0x0, 0x0, 0x17, 0xec, 0xff, 0xff, 0x93,
    0x0, 0x0, 0x0, 0x0, 0x0, 0x0, 0x0, 0xb1,
    0xff, 0xff, 0xff, 0xfe, 0x42, 0x0, 0x0, 0x0,
    0x0, 0x0, 0x5e, 0xff, 0xff, 0x81, 0xdd, 0xff,
    0xe0, 0xd, 0x0, 0x0, 0x0, 0x1b, 0xef, 0xff,
    0xcc, 0x3, 0x41, 0xff, 0xff, 0x9a, 0x0, 0x0,
    0x0, 0xb7, 0xff, 0xfa, 0x2f, 0x0, 0x0, 0x9a,
    0xff, 0xff, 0x48, 0x0, 0x65, 0xff, 0xff, 0x83,
    0x0, 0x0, 0x0, 0xf, 0xe4, 0xff, 0xe4, 0x10,

    /* U+0079 "y" */
    0x7, 0xed, 0xff, 0x9b, 0x0, 0x0, 0x0, 0x0,
    0x2, 0xe8, 0xff, 0xa9, 0x0, 0x95, 0xff, 0xed,
    0x5, 0x0, 0x0, 0x0, 0x42, 0xff, 0xff, 0x4e,
    0x0, 0x35, 0xff, 0xff, 0x49, 0x0, 0x0, 0x0,
    0x99, 0xff, 0xec, 0x5, 0x0, 0x0, 0xd5, 0xff,
    0xa0, 0x0, 0x0, 0x4, 0xeb, 0xff, 0x96, 0x0,
    0x0, 0x0, 0x76, 0xff, 0xf0, 0x7, 0x0, 0x46,
    0xff, 0xff, 0x3b, 0x0, 0x0, 0x0, 0x19, 0xfc,
    0xff, 0x4e, 0x0, 0x9c, 0xff, 0xde, 0x0, 0x0,
    0x0, 0x0, 0x0, 0xb7, 0xff, 0xa5, 0x5, 0xed,
    0xff, 0x83, 0x0, 0x0, 0x0, 0x0, 0x0, 0x57,
    0xff, 0xf3, 0x53, 0xff, 0xff, 0x27, 0x0, 0x0,
    0x0, 0x0, 0x0, 0x8, 0xef, 0xff, 0xe4, 0xff,
    0xcc, 0x0, 0x0, 0x0, 0x0, 0x0, 0x0, 0x0,
    0x98, 0xff, 0xff, 0xff, 0x70, 0x0, 0x0, 0x0,
    0x0, 0x0, 0x0, 0x0, 0x38, 0xff, 0xff, 0xfc,
    0x18, 0x0, 0x0, 0x0, 0x0, 0x0, 0x0, 0x0,
    0x0, 0xe2, 0xff, 0xb9, 0x0, 0x0, 0x0, 0x0,
    0x0, 0x0, 0x0, 0x0, 0x13, 0xfb, 0xff, 0x5d,
    0x0, 0x0, 0x0, 0x0, 0x0, 0x0, 0x0, 0x0,
    0x66, 0xff, 0xf5, 0xc, 0x0, 0x0, 0x0, 0x0,
    0x0, 0x0, 0x29, 0x55, 0xe4, 0xff, 0xa2, 0x0,
    0x0, 0x0, 0x0, 0x0, 0x0, 0x0, 0xa4, 0xff,
    0xff, 0xf9, 0x28, 0x0, 0x0, 0x0, 0x0, 0x0,
    0x0, 0x0, 0xa4, 0xf6, 0xc5, 0x40, 0x0, 0x0,
    0x0, 0x0, 0x0, 0x0,

    /* U+007A "z" */
    0x0, 0xd8, 0xff, 0xff, 0xff, 0xff, 0xff, 0xff,
    0xff, 0xe0, 0x0, 0xd8, 0xff, 0xff, 0xff, 0xff,
    0xff, 0xff, 0xff, 0xde, 0x0, 0x17, 0x1c, 0x1c,
    0x1c, 0x1c, 0x7e, 0xff, 0xff, 0x66, 0x0, 0x0,
    0x0, 0x0, 0x0, 0x2f, 0xf7, 0xff, 0xa0, 0x0,
    0x0, 0x0, 0x0, 0x0, 0xe, 0xdb, 0xff, 0xd0,
    0x9, 0x0, 0x0, 0x0, 0x0, 0x0, 0xac, 0xff,
    0xf0, 0x23, 0x0, 0x0, 0x0, 0x0, 0x0, 0x70,
    0xff, 0xfe, 0x4e, 0x0, 0x0, 0x0, 0x0, 0x0,
    0x38, 0xfa, 0xff, 0x86, 0x0, 0x0, 0x0, 0x0,
    0x0, 0x13, 0xe2, 0xff, 0xbc, 0x3, 0x0, 0x0,
    0x0, 0x0, 0x1, 0xb7, 0xff, 0xf8, 0x55, 0x40,
    0x40, 0x40, 0x40, 0x38, 0x2e, 0xff, 0xff, 0xff,
    0xff, 0xff, 0xff, 0xff, 0xff, 0xe0, 0x30, 0xff,
    0xff, 0xff, 0xff, 0xff, 0xff, 0xff, 0xff, 0xe0,

    /* U+007B "{" */
    0x0, 0x0, 0x0, 0x87, 0xf1, 0xff, 0xb8, 0x0,
    0x0, 0x47, 0xff, 0xfc, 0x99, 0x64, 0x0, 0x0,
    0x7f, 0xff, 0xad, 0x0, 0x0, 0x0, 0x0, 0x88,
    0xff, 0x8e, 0x0, 0x0, 0x0, 0x0, 0x88, 0xff,
    0x8c, 0x0, 0x0, 0x0, 0x0, 0x88, 0xff, 0x8c,
    0x0, 0x0, 0x0, 0x0, 0x93, 0xff, 0x89, 0x0,
    0x0, 0x0, 0x0, 0xc4, 0xff, 0x68, 0x0, 0x0,
    0x5, 0x63, 0xff, 0xf1, 0x16, 0x0, 0x0, 0x5c,
    0xff, 0xee, 0x39, 0x0, 0x0, 0x0, 0x37, 0xd8,
    0xff, 0xb5, 0x1, 0x0, 0x0, 0x0, 0xe, 0xea,
    0xff, 0x50, 0x0, 0x0, 0x0, 0x0, 0xa0, 0xff,
    0x81, 0x0, 0x0, 0x0, 0x0, 0x89, 0xff, 0x8c,
    0x0, 0x0, 0x0, 0x0, 0x88, 0xff, 0x8c, 0x0,
    0x0, 0x0, 0x0, 0x88, 0xff, 0x8f, 0x0, 0x0,
    0x0, 0x0, 0x82, 0xff, 0xb4, 0x0, 0x0, 0x0,
    0x0, 0x50, 0xff, 0xfc, 0x93, 0x5e, 0x0, 0x0,
    0x0, 0x8e, 0xf3, 0xff, 0xb8,

    /* U+007C "|" */
    0xfc, 0xd8, 0xfc, 0xd8, 0xfc, 0xd8, 0xfc, 0xd8,
    0xfc, 0xd8, 0xfc, 0xd8, 0xfc, 0xd8, 0xfc, 0xd8,
    0xfc, 0xd8, 0xfc, 0xd8, 0xfc, 0xd8, 0xfc, 0xd8,
    0xfc, 0xd8, 0xfc, 0xd8, 0xfc, 0xd8, 0xfc, 0xd8,
    0xfc, 0xd8,

    /* U+007D "}" */
    0xb0, 0xff, 0xf2, 0x97, 0x2, 0x0, 0x0, 0x60,
    0x98, 0xfc, 0xff, 0x57, 0x0, 0x0, 0x0, 0x0,
    0xb2, 0xff, 0x8c, 0x0, 0x0, 0x0, 0x0, 0x89,
    0xff, 0x94, 0x0, 0x0, 0x0, 0x0, 0x84, 0xff,
    0x94, 0x0, 0x0, 0x0, 0x0, 0x84, 0xff, 0x94,
    0x0, 0x0, 0x0, 0x0, 0x7d, 0xff, 0xa5, 0x0,
    0x0, 0x0, 0x0, 0x51, 0xff, 0xe5, 0x5, 0x0,
    0x0, 0x0, 0x5, 0xd3, 0xff, 0xb1, 0x21, 0x0,
    0x0, 0x0, 0x26, 0xf0, 0xff, 0x6b, 0x0, 0x0,
    0x4, 0xd1, 0xff, 0xb0, 0x28, 0x0, 0x0, 0x50,
    0xff, 0xe3, 0x4, 0x0, 0x0, 0x0, 0x7d, 0xff,
    0xa4, 0x0, 0x0, 0x0, 0x0, 0x84, 0xff, 0x94,
    0x0, 0x0, 0x0, 0x0, 0x84, 0xff, 0x94, 0x0,
    0x0, 0x0, 0x0, 0x89, 0xff, 0x94, 0x0, 0x0,
    0x0, 0x0, 0xb4, 0xff, 0x8c, 0x0, 0x0, 0x5d,
    0x95, 0xfc, 0xff, 0x58, 0x0, 0x0, 0xb0, 0xff,
    0xf4, 0x9b, 0x2, 0x0, 0x0,

    /* U+007E "~" */
    0x0, 0xf, 0x90, 0xc8, 0xa7, 0x4b, 0x0, 0x0,
    0x0, 0x0, 0x79, 0x2, 0x3, 0xc5, 0xff, 0xff,
    0xff, 0xff, 0xcf, 0x54, 0xc, 0x6a, 0xff, 0x50,
    0x1f, 0xfb, 0x8c, 0x10, 0x4c, 0xca, 0xff, 0xff,
    0xff, 0xff, 0xee, 0x19, 0x0, 0x56, 0x1, 0x0,
    0x0, 0x1, 0x4d, 0xbe, 0xf6, 0xce, 0x36, 0x0
};


/*---------------------
 *  GLYPH DESCRIPTION
 *--------------------*/

static const lv_font_fmt_txt_glyph_dsc_t glyph_dsc[] = {
    {.bitmap_index = 0, .adv_w = 0, .box_w = 0, .box_h = 0, .ofs_x = 0, .ofs_y = 0} /* id = 0 reserved */,
    {.bitmap_index = 0, .adv_w = 92, .box_w = 0, .box_h = 0, .ofs_x = 0, .ofs_y = 0},
    {.bitmap_index = 0, .adv_w = 99, .box_w = 4, .box_h = 17, .ofs_x = 1, .ofs_y = 0},
    {.bitmap_index = 68, .adv_w = 112, .box_w = 5, .box_h = 5, .ofs_x = 1, .ofs_y = 12},
    {.bitmap_index = 93, .adv_w = 184, .box_w = 12, .box_h = 17, .ofs_x = 0, .ofs_y = 0},
    {.bitmap_index = 297, .adv_w = 184, .box_w = 11, .box_h = 22, .ofs_x = 0, .ofs_y = -3},
    {.bitmap_index = 539, .adv_w = 199, .box_w = 11, .box_h = 17, .ofs_x = 1, .ofs_y = 0},
    {.bitmap_index = 726, .adv_w = 249, .box_w = 16, .box_h = 17, .ofs_x = 0, .ofs_y = 0},
    {.bitmap_index = 998, .adv_w = 92, .box_w = 4, .box_h = 5, .ofs_x = 1, .ofs_y = 13},
    {.bitmap_index = 1018, .adv_w = 107, .box_w = 6, .box_h = 20, .ofs_x = 1, .ofs_y = -3},
    {.bitmap_index = 1138, .adv_w = 107, .box_w = 6, .box_h = 20, .ofs_x = 0, .ofs_y = -3},
    {.bitmap_index = 1258, .adv_w = 135, .box_w = 8, .box_h = 7, .ofs_x = 0, .ofs_y = 10},
    {.bitmap_index = 1314, .adv_w = 230, .box_w = 13, .box_h = 12, .ofs_x = 1, .ofs_y = 0},
    {.bitmap_index = 1470, .adv_w = 92, .box_w = 4, .box_h = 5, .ofs_x = 1, .ofs_y = -3},
    {.bitmap_index = 1490, .adv_w = 156, .box_w = 8, .box_h = 3, .ofs_x = 1, .ofs_y = 5},
    {.bitmap_index = 1514, .adv_w = 92, .box_w = 4, .box_h = 3, .ofs_x = 1, .ofs_y = 0},
    {.bitmap_index = 1526, .adv_w = 128, .box_w = 8, .box_h = 17, .ofs_x = 0, .ofs_y = 0},
    {.bitmap_index = 1662, .adv_w = 184, .box_w = 11, .box_h = 17, .ofs_x = 0, .ofs_y = 0},
    {.bitmap_index = 1849, .adv_w = 130, .box_w = 6, .box_h = 17, .ofs_x = 1, .ofs_y = 0},
    {.bitmap_index = 1951, .adv_w = 184, .box_w = 11, .box_h = 17, .ofs_x = 0, .ofs_y = 0},
    {.bitmap_index = 2138, .adv_w = 184, .box_w = 11, .box_h = 17, .ofs_x = 0, .ofs_y = 0},
    {.bitmap_index = 2325, .adv_w = 184, .box_w = 12, .box_h = 17, .ofs_x = 0, .ofs_y = 0},
    {.bitmap_index = 2529, .adv_w = 184, .box_w = 11, .box_h = 17, .ofs_x = 0, .ofs_y = 0},
    {.bitmap_index = 2716, .adv_w = 186, .box_w = 10, .box_h = 17, .ofs_x = 1, .ofs_y = 0},
    {.bitmap_index = 2886, .adv_w = 184, .box_w = 10, .box_h = 17, .ofs_x = 1, .ofs_y = 0},
    {.bitmap_index = 3056, .adv_w = 184, .box_w = 11, .box_h = 17, .ofs_x = 0, .ofs_y = 0},
    {.bitmap_index = 3243, .adv_w = 190, .box_w = 10, .box_h = 17, .ofs_x = 1, .ofs_y = 0},
    {.bitmap_index = 3413, .adv_w = 92, .box_w = 4, .box_h = 8, .ofs_x = 1, .ofs_y = 0},
    {.bitmap_index = 3445, .adv_w = 92, .box_w = 4, .box_h = 11, .ofs_x = 1, .ofs_y = -3},
    {.bitmap_index = 3489, .adv_w = 235, .box_w = 13, .box_h = 13, .ofs_x = 1, .ofs_y = 0},
    {.bitmap_index = 3658, .adv_w = 230, .box_w = 13, .box_h = 7, .ofs_x = 1, .ofs_y = 3},
    {.bitmap_index = 3749, .adv_w = 227, .box_w = 13, .box_h = 13, .ofs_x = 1, .ofs_y = 0},
    {.bitmap_index = 3918, .adv_w = 178, .box_w = 10, .box_h = 17, .ofs_x = 0, .ofs_y = 0},
    {.bitmap_index = 4088, .adv_w = 307, .box_w = 19, .box_h = 17, .ofs_x = 0, .ofs_y = 0},
    {.bitmap_index = 4411, .adv_w = 239, .box_w = 15, .box_h = 17, .ofs_x = 0, .ofs_y = 0},
    {.bitmap_index = 4666, .adv_w = 234, .box_w = 13, .box_h = 17, .ofs_x = 1, .ofs_y = 0},
    {.bitmap_index = 4887, .adv_w = 213, .box_w = 13, .box_h = 17, .ofs_x = 1, .ofs_y = 0},
    {.bitmap_index = 5108, .adv_w = 242, .box_w = 13, .box_h = 17, .ofs_x = 1, .ofs_y = 0},
    {.bitmap_index = 5329, .adv_w = 213, .box_w = 12, .box_h = 17, .ofs_x = 1, .ofs_y = 0},
    {.bitmap_index = 5533, .adv_w = 206, .box_w = 12, .box_h = 17, .ofs_x = 1, .ofs_y = 0},
    {.bitmap_index = 5737, .adv_w = 234, .box_w = 13, .box_h = 17, .ofs_x = 1, .ofs_y = 0},
    {.bitmap_index = 5958, .adv_w = 249, .box_w = 13, .box_h = 17, .ofs_x = 1, .ofs_y = 0},
    {.bitmap_index = 6179, .adv_w = 99, .box_w = 4, .box_h = 17, .ofs_x = 1, .ofs_y = 0},
    {.bitmap_index = 6247, .adv_w = 185, .box_w = 10, .box_h = 17, .ofs_x = 0, .ofs_y = 0},
    {.bitmap_index = 6417, .adv_w = 242, .box_w = 15, .box_h = 17, .ofs_x = 1, .ofs_y = 0},
    {.bitmap_index = 6672, .adv_w = 213, .box_w = 12, .box_h = 17, .ofs_x = 1, .ofs_y = 0},
    {.bitmap_index = 6876, .adv_w = 291, .box_w = 16, .box_h = 17, .ofs_x = 1, .ofs_y = 0},
    {.bitmap_index = 7148, .adv_w = 263, .box_w = 14, .box_h = 17, .ofs_x = 1, .ofs_y = 0},
    {.bitmap_index = 7386, .adv_w = 234, .box_w = 13, .box_h = 17, .ofs_x = 1, .ofs_y = 0},
    {.bitmap_index = 7607, .adv_w = 228, .box_w = 13, .box_h = 17, .ofs_x = 1, .ofs_y = 0},
    {.bitmap_index = 7828, .adv_w = 234, .box_w = 15, .box_h = 18, .ofs_x = 1, .ofs_y = -1},
    {.bitmap_index = 8098, .adv_w = 234, .box_w = 14, .box_h = 17, .ofs_x = 1, .ofs_y = 0},
    {.bitmap_index = 8336, .adv_w = 220, .box_w = 13, .box_h = 17, .ofs_x = 0, .ofs_y = 0},
    {.bitmap_index = 8557, .adv_w = 192, .box_w = 12, .box_h = 17, .ofs_x = 0, .ofs_y = 0},
    {.bitmap_index = 8761, .adv_w = 242, .box_w = 13, .box_h = 17, .ofs_x = 1, .ofs_y = 0},
    {.bitmap_index = 8982, .adv_w = 213, .box_w = 14, .box_h = 17, .ofs_x = 0, .ofs_y = 0},
    {.bitmap_index = 9220, .adv_w = 319, .box_w = 20, .box_h = 17, .ofs_x = 0, .ofs_y = 0},
    {.bitmap_index = 9560, .adv_w = 206, .box_w = 15, .box_h = 17, .ofs_x = -1, .ofs_y = 0},
    {.bitmap_index = 9815, .adv_w = 192, .box_w = 14, .box_h = 17, .ofs_x = -1, .ofs_y = 0},
    {.bitmap_index = 10053, .adv_w = 199, .box_w = 12, .box_h = 17, .ofs_x = 0, .ofs_y = 0},
    {.bitmap_index = 10257, .adv_w = 107, .box_w = 6, .box_h = 19, .ofs_x = 1, .ofs_y = -2},
    {.bitmap_index = 10371, .adv_w = 132, .box_w = 8, .box_h = 17, .ofs_x = 0, .ofs_y = 0},
    {.bitmap_index = 10507, .adv_w = 107, .box_w = 5, .box_h = 19, .ofs_x = 0, .ofs_y = -2},
    {.bitmap_index = 10602, .adv_w = 208, .box_w = 13, .box_h = 10, .ofs_x = 0, .ofs_y = 7},
    {.bitmap_index = 10732, .adv_w = 192, .box_w = 13, .box_h = 2, .ofs_x = 0, .ofs_y = -4},
    {.bitmap_index = 10758, .adv_w = 94, .box_w = 6, .box_h = 4, .ofs_x = 0, .ofs_y = 13},
    {.bitmap_index = 10782, .adv_w = 185, .box_w = 11, .box_h = 12, .ofs_x = 0, .ofs_y = 0},
    {.bitmap_index = 10914, .adv_w = 199, .box_w = 11, .box_h = 17, .ofs_x = 1, .ofs_y = 0},
    {.bitmap_index = 11101, .adv_w = 170, .box_w = 11, .box_h = 12, .ofs_x = 0, .ofs_y = 0},
    {.bitmap_index = 11233, .adv_w = 199, .box_w = 11, .box_h = 17, .ofs_x = 1, .ofs_y = 0},
    {.bitmap_index = 11420, .adv_w = 191, .box_w = 11, .box_h = 12, .ofs_x = 0, .ofs_y = 0},
    {.bitmap_index = 11552, .adv_w = 107, .box_w = 7, .box_h = 17, .ofs_x = 0, .ofs_y = 0},
    {.bitmap_index = 11671, .adv_w = 199, .box_w = 10, .box_h = 17, .ofs_x = 1, .ofs_y = -5},
    {.bitmap_index = 11841, .adv_w = 206, .box_w = 11, .box_h = 17, .ofs_x = 1, .ofs_y = 0},
    {.bitmap_index = 12028, .adv_w = 92, .box_w = 4, .box_h = 17, .ofs_x = 1, .ofs_y = 0},
    {.bitmap_index = 12096, .adv_w = 99, .box_w = 6, .box_h = 22, .ofs_x = -1, .ofs_y = -5},
    {.bitmap_index = 12228, .adv_w = 199, .box_w = 12, .box_h = 17, .ofs_x = 1, .ofs_y = 0},
    {.bitmap_index = 12432, .adv_w = 99, .box_w = 5, .box_h = 17, .ofs_x = 1, .ofs_y = 0},
    {.bitmap_index = 12517, .adv_w = 327, .box_w = 18, .box_h = 12, .ofs_x = 1, .ofs_y = 0},
    {.bitmap_index = 12733, .adv_w = 206, .box_w = 11, .box_h = 12, .ofs_x = 1, .ofs_y = 0},
    {.bitmap_index = 12865, .adv_w = 192, .box_w = 11, .box_h = 12, .ofs_x = 1, .ofs_y = 0},
    {.bitmap_index = 12997, .adv_w = 199, .box_w = 11, .box_h = 17, .ofs_x = 1, .ofs_y = -5},
    {.bitmap_index = 13184, .adv_w = 199, .box_w = 10, .box_h = 17, .ofs_x = 1, .ofs_y = -5},
    {.bitmap_index = 13354, .adv_w = 149, .box_w = 9, .box_h = 12, .ofs_x = 1, .ofs_y = 0},
    {.bitmap_index = 13462, .adv_w = 184, .box_w = 11, .box_h = 12, .ofs_x = 0, .ofs_y = 0},
    {.bitmap_index = 13594, .adv_w = 107, .box_w = 6, .box_h = 17, .ofs_x = 0, .ofs_y = 0},
    {.bitmap_index = 13696, .adv_w = 206, .box_w = 11, .box_h = 12, .ofs_x = 1, .ofs_y = 0},
    {.bitmap_index = 13828, .adv_w = 170, .box_w = 12, .box_h = 12, .ofs_x = -1, .ofs_y = 0},
    {.bitmap_index = 13972, .adv_w = 277, .box_w = 18, .box_h = 12, .ofs_x = 0, .ofs_y = 0},
    {.bitmap_index = 14188, .adv_w = 184, .box_w = 12, .box_h = 12, .ofs_x = 0, .ofs_y = 0},
    {.bitmap_index = 14332, .adv_w = 170, .box_w = 12, .box_h = 17, .ofs_x = -1, .ofs_y = -5},
    {.bitmap_index = 14536, .adv_w = 170, .box_w = 10, .box_h = 12, .ofs_x = 0, .ofs_y = 0},
    {.bitmap_index = 14656, .adv_w = 113, .box_w = 7, .box_h = 19, .ofs_x = 0, .ofs_y = -2},
    {.bitmap_index = 14789, .adv_w = 63, .box_w = 2, .box_h = 17, .ofs_x = 1, .ofs_y = 0},
    {.bitmap_index = 14823, .adv_w = 63, .box_w = 7, .box_h = 19, .ofs_x = 0, .ofs_y = -2},
    {.bitmap_index = 14956, .adv_w = 193, .box_w = 12, .box_h = 4, .ofs_x = 0, .ofs_y = 4}
};

/*---------------------
 *  CHARACTER MAPPING
 *--------------------*/



/*Collect the unicode lists and glyph_id offsets*/
static const lv_font_fmt_txt_cmap_t cmaps[] =
{
    {
        .range_start = 32, .range_length = 95, .glyph_id_start = 1,
        .unicode_list = NULL, .glyph_id_ofs_list = NULL, .list_length = 0, .type = LV_FONT_FMT_TXT_CMAP_FORMAT0_TINY
    }
};



/*--------------------
 *  ALL CUSTOM DATA
 *--------------------*/

#if LVGL_VERSION_MAJOR == 8
/*Store all the custom data of the font*/
static  lv_font_fmt_txt_glyph_cache_t cache;
#endif

#if LVGL_VERSION_MAJOR >= 8
static const lv_font_fmt_txt_dsc_t font_dsc = {
#else
static lv_font_fmt_txt_dsc_t font_dsc = {
#endif
    .glyph_bitmap = glyph_bitmap,
    .glyph_dsc = glyph_dsc,
    .cmaps = cmaps,
    .kern_dsc = NULL,
    .kern_scale = 0,
    .cmap_num = 1,
    .bpp = 8,
    .kern_classes = 0,
    .bitmap_format = 0,
#if LVGL_VERSION_MAJOR == 8
    .cache = &cache
#endif
};



/*-----------------
 *  PUBLIC FONT
 *----------------*/

/*Initialize a public general font descriptor*/
#if LVGL_VERSION_MAJOR >= 8
const lv_font_t ui_font_dim1415_24 = {
#else
lv_font_t ui_font_dim1415_24 = {
#endif
    .get_glyph_dsc = lv_font_get_glyph_dsc_fmt_txt,    /*Function pointer to get glyph's data*/
    .get_glyph_bitmap = lv_font_get_bitmap_fmt_txt,    /*Function pointer to get glyph's bitmap*/
    .line_height = 24,          /*The maximum line height required by the font*/
    .base_line = 5,             /*Baseline measured from the bottom of the line*/
#if !(LVGL_VERSION_MAJOR == 6 && LVGL_VERSION_MINOR == 0)
    .subpx = LV_FONT_SUBPX_NONE,
#endif
#if LV_VERSION_CHECK(7, 4, 0) || LVGL_VERSION_MAJOR >= 8
    .underline_position = 0,
    .underline_thickness = 0,
#endif
    .dsc = &font_dsc,          /*The custom font data. Will be accessed by `get_glyph_bitmap/dsc` */
#if LV_VERSION_CHECK(8, 2, 0) || LVGL_VERSION_MAJOR >= 9
    .fallback = NULL,
#endif
    .user_data = NULL,
};



#endif /*#if UI_FONT_DIM1415_24*/

